"quantitySum","d","side"
"373809.67432200036","2019-04-03 00:00:00","buy"
"359248.19604400033","2019-04-04 00:00:00","buy"
"263381.76839900005","2019-04-05 00:00:00","buy"
"301280.8865840002","2019-04-06 00:00:00","buy"
"240734.94691200022","2019-04-07 00:00:00","buy"
"470446.68153800035","2019-04-08 00:00:00","buy"
"233708.99978000016","2019-04-09 00:00:00","buy"
"282832.7615450002","2019-04-10 00:00:00","buy"
"364378.3310170003","2019-04-11 00:00:00","buy"
"181838.60570100008","2019-04-12 00:00:00","buy"
"101484.82340300005","2019-04-13 00:00:00","buy"
"100484.52755200007","2019-04-14 00:00:00","buy"
"194368.52690900007","2019-04-15 00:00:00","buy"
"137268.33079499996","2019-04-16 00:00:00","buy"
"130757.31132000011","2019-04-17 00:00:00","buy"
"219173.89774900026","2019-04-18 00:00:00","buy"
"167441.98395900015","2019-04-19 00:00:00","buy"
"139610.19770200015","2019-04-20 00:00:00","buy"
"152312.368843","2019-04-21 00:00:00","buy"
"144879.76461800007","2019-04-22 00:00:00","buy"
"210217.83923800025","2019-04-23 00:00:00","buy"
"238309.06524300118","2019-04-24 00:00:00","buy"
"243398.7688430007","2019-04-25 00:00:00","buy"
"258668.82703600076","2019-04-26 00:00:00","buy"
"115530.81738900005","2019-04-27 00:00:00","buy"
"84928.7666439999","2019-04-28 00:00:00","buy"
"141254.53623200004","2019-04-29 00:00:00","buy"
"163087.73355200002","2019-04-30 00:00:00","buy"
"105245.07930700008","2019-05-01 00:00:00","buy"
"153485.42688500028","2019-05-02 00:00:00","buy"
"229954.4313190003","2019-05-03 00:00:00","buy"
"177023.11197400023","2019-05-04 00:00:00","buy"
"100569.05399400012","2019-05-05 00:00:00","buy"
"239230.77943500035","2019-05-06 00:00:00","buy"
"391890.25675500074","2019-05-07 00:00:00","buy"
"163644.07241800017","2019-05-08 00:00:00","buy"
"158751.51372000022","2019-05-09 00:00:00","buy"
"226394.06293800025","2019-05-10 00:00:00","buy"
"459077.4367480007","2019-05-11 00:00:00","buy"
"452860.43064300093","2019-05-12 00:00:00","buy"
"364659.7263540002","2019-05-13 00:00:00","buy"
"450465.7160480004","2019-05-14 00:00:00","buy"
"61889.781452999916","2019-05-15 00:00:00","buy"
"107445.17056200004","2019-05-18 00:00:00","buy"
"426721.68596600054","2019-05-19 00:00:00","buy"
"356205.98314900015","2019-05-20 00:00:00","buy"
"309076.4092229999","2019-05-21 00:00:00","buy"
"325605.013827","2019-05-22 00:00:00","buy"
"313996.5942030003","2019-05-23 00:00:00","buy"
"239208.694757","2019-05-24 00:00:00","buy"
"179978.50859200017","2019-05-25 00:00:00","buy"
"244940.8294820001","2019-05-26 00:00:00","buy"
"329342.41730000015","2019-05-27 00:00:00","buy"
"214119.27328300028","2019-05-28 00:00:00","buy"
"205203.97358800026","2019-05-29 00:00:00","buy"
"563128.7069530002","2019-05-30 00:00:00","buy"
"309729.4041060002","2019-05-31 00:00:00","buy"
"226182.60886200046","2019-06-01 00:00:00","buy"
"160387.6102260001","2019-06-02 00:00:00","buy"
"219818.63546500023","2019-06-03 00:00:00","buy"
"331200.1044750002","2019-06-04 00:00:00","buy"
"179756.7996460001","2019-06-05 00:00:00","buy"
"167392.3276680001","2019-06-06 00:00:00","buy"
"175618.69473299995","2019-06-07 00:00:00","buy"
"105858.39555000007","2019-06-08 00:00:00","buy"
"182514.08422200012","2019-06-09 00:00:00","buy"
"166667.76491700034","2019-06-10 00:00:00","buy"
"129112.64264599988","2019-06-11 00:00:00","buy"
"164233.86114599998","2019-06-12 00:00:00","buy"
"163620.56014500008","2019-06-13 00:00:00","buy"
"173049.93604800015","2019-06-14 00:00:00","buy"
"146447.76969300004","2019-06-15 00:00:00","buy"
"248788.59205300017","2019-06-16 00:00:00","buy"
"186114.56874400028","2019-06-17 00:00:00","buy"
"182016.02934600005","2019-06-18 00:00:00","buy"
"115471.02074299994","2019-06-19 00:00:00","buy"
"116033.57833799996","2019-06-20 00:00:00","buy"
"269317.64941300015","2019-06-21 00:00:00","buy"
"400193.00971900066","2019-06-22 00:00:00","buy"
"232379.57858200037","2019-06-23 00:00:00","buy"
"191191.73432400025","2019-06-24 00:00:00","buy"
"185244.53549200023","2019-06-25 00:00:00","buy"
"568824.6606500006","2019-06-26 00:00:00","buy"
"598530.4534130016","2019-06-27 00:00:00","buy"
"296323.43319100083","2019-06-28 00:00:00","buy"
"243502.38011800044","2019-06-29 00:00:00","buy"
"293170.3631490007","2019-06-30 00:00:00","buy"
"273927.3928120008","2019-07-01 00:00:00","buy"
"298988.81398400065","2019-07-02 00:00:00","buy"
"225614.38677000062","2019-07-03 00:00:00","buy"
"168327.3647100005","2019-07-04 00:00:00","buy"
"159178.97789300059","2019-07-05 00:00:00","buy"
"119665.93982900017","2019-07-06 00:00:00","buy"
"133632.62739900022","2019-07-07 00:00:00","buy"
"158758.73267500024","2019-07-08 00:00:00","buy"
"188274.36178900048","2019-07-09 00:00:00","buy"
"298733.42554000043","2019-07-10 00:00:00","buy"
"295090.32213400066","2019-07-11 00:00:00","buy"
"159288.112095","2019-07-12 00:00:00","buy"
"129796.29655200039","2019-07-13 00:00:00","buy"
"319726.6384760007","2019-07-14 00:00:00","buy"
"385402.96048100054","2019-07-15 00:00:00","buy"
"415282.91023500066","2019-07-16 00:00:00","buy"
"373411.21316100063","2019-07-17 00:00:00","buy"
"330853.52857800067","2019-07-18 00:00:00","buy"
"208570.40643899978","2019-07-19 00:00:00","buy"
"178184.8401980003","2019-07-20 00:00:00","buy"
"148430.7361110003","2019-07-21 00:00:00","buy"
"157296.63225000055","2019-07-22 00:00:00","buy"
"174323.54441100013","2019-07-23 00:00:00","buy"
"181549.00856000013","2019-07-24 00:00:00","buy"
"155419.325019","2019-07-25 00:00:00","buy"
"111924.05462600003","2019-07-26 00:00:00","buy"
"178782.86441300044","2019-07-27 00:00:00","buy"
"118906.82839499997","2019-07-28 00:00:00","buy"
"122298.18156900002","2019-07-29 00:00:00","buy"
"111494.08957100008","2019-07-30 00:00:00","buy"
"113410.37666600001","2019-07-31 00:00:00","buy"
"114439.18499100007","2019-08-01 00:00:00","buy"
"119856.57436800018","2019-08-02 00:00:00","buy"
"103388.66623700001","2019-08-03 00:00:00","buy"
"84094.38134400002","2019-08-04 00:00:00","buy"
"176308.38157600013","2019-08-05 00:00:00","buy"
"214225.58833300046","2019-08-06 00:00:00","buy"
"165748.9318450002","2019-08-07 00:00:00","buy"
"146514.85797200026","2019-08-08 00:00:00","buy"
"136013.33771300016","2019-08-09 00:00:00","buy"
"149749.92093200042","2019-08-10 00:00:00","buy"
"101782.90856000014","2019-08-11 00:00:00","buy"
"67066.86621599998","2019-08-12 00:00:00","buy"
"109485.81353000006","2019-08-13 00:00:00","buy"
"201265.5517880003","2019-08-14 00:00:00","buy"
"146308.94698200046","2019-08-15 00:00:00","buy"
"167786.10650100032","2019-08-16 00:00:00","buy"
"81932.33189100026","2019-08-17 00:00:00","buy"
"94057.17102500006","2019-08-18 00:00:00","buy"
"133757.03662500047","2019-08-19 00:00:00","buy"
"110923.79146000027","2019-08-20 00:00:00","buy"
"167436.26143100028","2019-08-21 00:00:00","buy"
"133625.38269800018","2019-08-22 00:00:00","buy"
"101564.97705600012","2019-08-23 00:00:00","buy"
"94479.67011300017","2019-08-24 00:00:00","buy"
"97326.54790300019","2019-08-25 00:00:00","buy"
"143227.56895700013","2019-08-26 00:00:00","buy"
"89676.3552500002","2019-08-27 00:00:00","buy"
"199318.12090200087","2019-08-28 00:00:00","buy"
"164291.86491400018","2019-08-29 00:00:00","buy"
"129046.134333","2019-08-30 00:00:00","buy"
"99643.41598999995","2019-08-31 00:00:00","buy"
"93774.75962500006","2019-09-01 00:00:00","buy"
"155902.4097779999","2019-09-02 00:00:00","buy"
"181782.34542700002","2019-09-03 00:00:00","buy"
"156976.6815060003","2019-09-04 00:00:00","buy"
"130286.60903200018","2019-09-05 00:00:00","buy"
"184869.36118200034","2019-09-06 00:00:00","buy"
"133527.98834600006","2019-09-07 00:00:00","buy"
"162087.7926170003","2019-09-08 00:00:00","buy"
"153392.8840540002","2019-09-09 00:00:00","buy"
"133596.36339200038","2019-09-10 00:00:00","buy"
"152073.77326500023","2019-09-11 00:00:00","buy"
"107296.18151300006","2019-09-12 00:00:00","buy"
"133353.85783599995","2019-09-13 00:00:00","buy"
"125558.24944800002","2019-09-14 00:00:00","buy"
"145489.23584800021","2019-09-15 00:00:00","buy"
"279507.02964400046","2019-09-16 00:00:00","buy"
"363313.0601900002","2019-09-17 00:00:00","buy"
"285256.10152200016","2019-09-18 00:00:00","buy"
"447289.82603900024","2019-09-19 00:00:00","buy"
"230501.2032910002","2019-09-20 00:00:00","buy"
"221970.14006700035","2019-09-21 00:00:00","buy"
"233080.30553500017","2019-09-22 00:00:00","buy"
"213649.67281000025","2019-09-23 00:00:00","buy"
"800094.5959360003","2019-09-24 00:00:00","buy"
"462275.3347740014","2019-09-25 00:00:00","buy"
"423246.741597001","2019-09-26 00:00:00","buy"
"326332.81616200006","2019-09-27 00:00:00","buy"
"267912.80924199993","2019-09-28 00:00:00","buy"
"219640.3502070002","2019-09-29 00:00:00","buy"
"301982.04585900024","2019-09-30 00:00:00","buy"
"333346.5817560003","2019-10-01 00:00:00","buy"
"184648.76603600025","2019-10-02 00:00:00","buy"
"199210.8630330003","2019-10-03 00:00:00","buy"
"168655.42943900017","2019-10-04 00:00:00","buy"
"141098.78585200018","2019-10-05 00:00:00","buy"
"183117.93416800024","2019-10-06 00:00:00","buy"
"251112.1120530004","2019-10-07 00:00:00","buy"
"220885.44793300005","2019-10-08 00:00:00","buy"
"291751.93012800056","2019-10-09 00:00:00","buy"
"228833.2628760003","2019-10-10 00:00:00","buy"
"346464.30648300005","2019-10-11 00:00:00","buy"
"152304.35701400018","2019-10-12 00:00:00","buy"
"136703.45384900004","2019-10-13 00:00:00","buy"
"148355.12428800002","2019-10-14 00:00:00","buy"
"221323.08724400014","2019-10-15 00:00:00","buy"
"190723.69659200017","2019-10-16 00:00:00","buy"
"154973.78287999993","2019-10-17 00:00:00","buy"
"182657.2601760004","2019-10-18 00:00:00","buy"
"155961.06668400005","2019-10-19 00:00:00","buy"
"153510.51690700004","2019-10-20 00:00:00","buy"
"144276.5101550002","2019-10-21 00:00:00","buy"
"148167.99473899993","2019-10-22 00:00:00","buy"
"433323.17825599987","2019-10-23 00:00:00","buy"
"201474.8997500002","2019-10-24 00:00:00","buy"
"468184.37874200044","2019-10-25 00:00:00","buy"
"675893.725492001","2019-10-26 00:00:00","buy"
"385923.2779240007","2019-10-27 00:00:00","buy"
"327116.6749620009","2019-10-28 00:00:00","buy"
"291640.8896760003","2019-10-29 00:00:00","buy"
"298844.9671010005","2019-10-30 00:00:00","buy"
"227394.2826960004","2019-10-31 00:00:00","buy"
"175904.58653300002","2019-11-01 00:00:00","buy"
"104009.2362250002","2019-11-02 00:00:00","buy"
"129531.22320100009","2019-11-03 00:00:00","buy"
"167473.39251599988","2019-11-04 00:00:00","buy"
"212431.6990910001","2019-11-05 00:00:00","buy"
"188218.18290500029","2019-11-06 00:00:00","buy"
"173952.00768300018","2019-11-07 00:00:00","buy"
"221358.59234200034","2019-11-08 00:00:00","buy"
"108716.01846900009","2019-11-09 00:00:00","buy"
"152227.87511700025","2019-11-10 00:00:00","buy"
"153295.1754580002","2019-11-11 00:00:00","buy"
"146735.12883100015","2019-11-12 00:00:00","buy"
"109302.97572299994","2019-11-13 00:00:00","buy"
"145458.95649600023","2019-11-14 00:00:00","buy"
"234398.6645240003","2019-11-15 00:00:00","buy"
"96468.71008799998","2019-11-16 00:00:00","buy"
"112728.15184000004","2019-11-17 00:00:00","buy"
"181813.08762600078","2019-11-18 00:00:00","buy"
"159527.64963100033","2019-11-19 00:00:00","buy"
"126072.31834100021","2019-11-20 00:00:00","buy"
"270779.9700500004","2019-11-21 00:00:00","buy"
"583196.1713870008","2019-11-22 00:00:00","buy"
"206078.20814700017","2019-11-23 00:00:00","buy"
"217100.2691180004","2019-11-24 00:00:00","buy"
"439689.97083400114","2019-11-25 00:00:00","buy"
"213773.08701900032","2019-11-26 00:00:00","buy"
"319401.52350800065","2019-11-27 00:00:00","buy"
"186930.44840900006","2019-11-28 00:00:00","buy"
"185504.8756980001","2019-11-29 00:00:00","buy"
"135032.33448200024","2019-11-30 00:00:00","buy"
"200978.0260910004","2019-12-01 00:00:00","buy"
"141958.45406100026","2019-12-02 00:00:00","buy"
"112543.930903","2019-12-03 00:00:00","buy"
"264340.6016370009","2019-12-04 00:00:00","buy"
"167774.6552060003","2019-12-05 00:00:00","buy"
"124024.69688000019","2019-12-06 00:00:00","buy"
"82051.37127099995","2019-12-07 00:00:00","buy"
"105915.89350099991","2019-12-08 00:00:00","buy"
"153438.81278600032","2019-12-09 00:00:00","buy"
"131286.00279700055","2019-12-10 00:00:00","buy"
"89973.68054300029","2019-12-11 00:00:00","buy"
"155210.8269460005","2019-12-12 00:00:00","buy"
"91750.85322500014","2019-12-13 00:00:00","buy"
"81661.25192800016","2019-12-14 00:00:00","buy"
"90567.86628100013","2019-12-15 00:00:00","buy"
"277653.432348","2019-12-16 00:00:00","buy"
"318197.6781480005","2019-12-17 00:00:00","buy"
"461209.24937400164","2019-12-18 00:00:00","buy"
"244237.65409300063","2019-12-19 00:00:00","buy"
"119633.19614600003","2019-12-20 00:00:00","buy"
"79582.38824600003","2019-12-21 00:00:00","buy"
"140744.68671800036","2019-12-22 00:00:00","buy"
"261477.29818100072","2019-12-23 00:00:00","buy"
"122105.3604020003","2019-12-24 00:00:00","buy"
"139500.3501320003","2019-12-25 00:00:00","buy"
"163948.40425100044","2019-12-26 00:00:00","buy"
"140933.67744300034","2019-12-27 00:00:00","buy"
"113853.08364700012","2019-12-28 00:00:00","buy"
"176964.61421700014","2019-12-29 00:00:00","buy"
"182355.6940980004","2019-12-30 00:00:00","buy"
"147282.48027600025","2019-12-31 00:00:00","buy"
"80768.01577000003","2020-01-01 00:00:00","buy"
"124736.3687320001","2020-01-02 00:00:00","buy"
"217988.93781800062","2020-01-03 00:00:00","buy"
"112085.08818900016","2020-01-04 00:00:00","buy"
"146209.64890000006","2020-01-05 00:00:00","buy"
"234257.3028260006","2020-01-06 00:00:00","buy"
"268677.8542820008","2020-01-07 00:00:00","buy"
"345821.97509500076","2020-01-08 00:00:00","buy"
"212744.85051900058","2020-01-09 00:00:00","buy"
"237053.21228100063","2020-01-10 00:00:00","buy"
"205463.36580300052","2020-01-11 00:00:00","buy"
"135585.00135200014","2020-01-12 00:00:00","buy"
"124393.23605800023","2020-01-13 00:00:00","buy"
"170413.7662660002","2020-01-14 00:00:00","buy"
"42322.74657999997","2020-01-15 00:00:00","buy"
"25994.772933999986","2020-01-16 00:00:00","buy"
"34757.92853199999","2020-01-17 00:00:00","buy"
"18860.873423","2020-01-18 00:00:00","buy"
"37020.946017999966","2020-01-19 00:00:00","buy"
"19442.775963999982","2020-01-20 00:00:00","buy"
"17761.563226999977","2020-01-21 00:00:00","buy"
"14603.399625999971","2020-01-22 00:00:00","buy"
"24870.421676999962","2020-01-23 00:00:00","buy"
"20394.039942999974","2020-01-24 00:00:00","buy"
"12443.672070999988","2020-01-25 00:00:00","buy"
"15332.57389699997","2020-01-26 00:00:00","buy"
"25378.11392899993","2020-01-27 00:00:00","buy"
"35732.490518999926","2020-01-28 00:00:00","buy"
"27248.41379299992","2020-01-29 00:00:00","buy"
"29774.188808999963","2020-01-30 00:00:00","buy"
"23069.55145299996","2020-01-31 00:00:00","buy"
"13898.941048999981","2020-02-01 00:00:00","buy"
"23102.50647999993","2020-02-02 00:00:00","buy"
"26110.735754999918","2020-02-03 00:00:00","buy"
"27204.742958999956","2020-02-04 00:00:00","buy"
"29494.810412999956","2020-02-05 00:00:00","buy"
"32806.25194099996","2020-02-06 00:00:00","buy"
"21232.126445999977","2020-02-07 00:00:00","buy"
"21421.30076899999","2020-02-08 00:00:00","buy"
"21000.198288999964","2020-02-09 00:00:00","buy"
"30954.201373999884","2020-02-10 00:00:00","buy"
"30517.078803999924","2020-02-11 00:00:00","buy"
"29840.09476499998","2020-02-12 00:00:00","buy"
"40869.08621099994","2020-02-13 00:00:00","buy"
"23340.81746999993","2020-02-14 00:00:00","buy"
"31029.50166399998","2020-02-15 00:00:00","buy"
"30617.862697999935","2020-02-16 00:00:00","buy"
"37039.172659999895","2020-02-17 00:00:00","buy"
"25196.80162499995","2020-02-18 00:00:00","buy"
"392.91258099999993","2020-03-02 00:00:00","buy"
"10699.498522999982","2020-03-03 00:00:00","buy"
"19289.418648999963","2020-03-04 00:00:00","buy"
"27719.784183999964","2020-03-05 00:00:00","buy"
"21486.387538000054","2020-03-06 00:00:00","buy"
"23230.115489999967","2020-03-07 00:00:00","buy"
"42693.70731699987","2020-03-08 00:00:00","buy"
"58947.9053409998","2020-03-09 00:00:00","buy"
"41161.94285799992","2020-03-10 00:00:00","buy"
"38088.752284999886","2020-03-11 00:00:00","buy"
"142576.35967799934","2020-03-12 00:00:00","buy"
"200614.71644699972","2020-03-13 00:00:00","buy"
"21202.06037199995","2020-03-14 00:00:00","buy"
"43009.165196999784","2020-03-18 00:00:00","buy"
"100008.92642799976","2020-03-19 00:00:00","buy"
"114779.30489399964","2020-03-20 00:00:00","buy"
"65774.73022599977","2020-03-21 00:00:00","buy"
"61275.09957499991","2020-03-22 00:00:00","buy"
"18051.834697999977","2020-03-23 00:00:00","buy"
"15360.71688599993","2020-03-29 00:00:00","buy"
"60026.23700899993","2020-03-30 00:00:00","buy"
"37606.692924999945","2020-03-31 00:00:00","buy"
"48339.38220499995","2020-04-01 00:00:00","buy"
"74577.74312299996","2020-04-02 00:00:00","buy"
"52999.385312999875","2020-04-03 00:00:00","buy"
"36571.80445500001","2020-04-04 00:00:00","buy"
"25809.778671","2020-04-05 00:00:00","buy"
"58780.62265999989","2020-04-06 00:00:00","buy"
"54773.9011289999","2020-04-07 00:00:00","buy"
"37058.59327299994","2020-04-08 00:00:00","buy"
"32292.97956600006","2020-04-09 00:00:00","buy"
"56715.66256999991","2020-04-10 00:00:00","buy"
"15560.179571999992","2020-04-11 00:00:00","buy"
"36516.235338000006","2020-04-14 00:00:00","buy"
"31704.492744000003","2020-04-15 00:00:00","buy"
"35360.75876599992","2020-04-16 00:00:00","buy"
"19248.684618999945","2020-04-18 00:00:00","buy"
"24145.832953999918","2020-04-19 00:00:00","buy"
"48531.988345999845","2020-04-20 00:00:00","buy"
"29826.731497999932","2020-04-21 00:00:00","buy"
"33056.65619399994","2020-04-22 00:00:00","buy"
"50297.97101999985","2020-04-23 00:00:00","buy"
"30769.610795999968","2020-04-24 00:00:00","buy"
"22752.357253999995","2020-04-25 00:00:00","buy"
"25815.121983999943","2020-04-26 00:00:00","buy"
"33843.91833499995","2020-04-27 00:00:00","buy"
"24997.25127799994","2020-04-28 00:00:00","buy"
"92049.91418599976","2020-04-29 00:00:00","buy"
"106614.89946299982","2020-04-30 00:00:00","buy"
"46705.46057799992","2020-05-01 00:00:00","buy"
"28601.73410099997","2020-05-02 00:00:00","buy"
"42072.53078499988","2020-05-03 00:00:00","buy"
"41700.789346999874","2020-05-04 00:00:00","buy"
"37198.283179999744","2020-05-05 00:00:00","buy"
"54731.325572999805","2020-05-06 00:00:00","buy"
"72577.49287299982","2020-05-07 00:00:00","buy"
"54473.96159199983","2020-05-08 00:00:00","buy"
"41940.58162099991","2020-05-09 00:00:00","buy"
"91761.61905699984","2020-05-10 00:00:00","buy"
"84237.35655099979","2020-05-11 00:00:00","buy"
"45931.1875629999","2020-05-12 00:00:00","buy"
"48867.92037599997","2020-05-13 00:00:00","buy"
"68681.5692309998","2020-05-14 00:00:00","buy"
"60475.45358399987","2020-05-15 00:00:00","buy"
"30726.25966199993","2020-05-16 00:00:00","buy"
"31957.867978000002","2020-05-17 00:00:00","buy"
"38291.248178999755","2020-05-18 00:00:00","buy"
"37299.54224099982","2020-05-19 00:00:00","buy"
"41441.941411999906","2020-05-20 00:00:00","buy"
"59013.84993199986","2020-05-21 00:00:00","buy"
"29955.815127999875","2020-05-22 00:00:00","buy"
"22148.68063399995","2020-05-23 00:00:00","buy"
"35765.87310599999","2020-05-24 00:00:00","buy"
"29264.079733999963","2020-05-25 00:00:00","buy"
"27578.372985999955","2020-05-26 00:00:00","buy"
"32484.152552000003","2020-05-27 00:00:00","buy"
"34365.38661599993","2020-05-28 00:00:00","buy"
"30555.150066999988","2020-05-29 00:00:00","buy"
"26412.592636000027","2020-05-30 00:00:00","buy"
"25555.785233999923","2020-05-31 00:00:00","buy"
"34913.43819399993","2020-06-01 00:00:00","buy"
"58253.720520999916","2020-06-02 00:00:00","buy"
"23596.336789000034","2020-06-03 00:00:00","buy"
"28677.863597999956","2020-06-04 00:00:00","buy"
"26083.580662999993","2020-06-05 00:00:00","buy"
"16920.25712799998","2020-06-06 00:00:00","buy"
"29513.59479300003","2020-06-07 00:00:00","buy"
"20919.33968099996","2020-06-08 00:00:00","buy"
"24109.555153999925","2020-06-09 00:00:00","buy"
"23999.170617999913","2020-06-10 00:00:00","buy"
"53446.91998099977","2020-06-11 00:00:00","buy"
"25774.250561999914","2020-06-12 00:00:00","buy"
"14228.777637000027","2020-06-13 00:00:00","buy"
"15590.090456999907","2020-06-14 00:00:00","buy"
"44477.17717799982","2020-06-15 00:00:00","buy"
"26515.04325199997","2020-06-16 00:00:00","buy"
"25203.579875999967","2020-06-17 00:00:00","buy"
"19441.548511999983","2020-06-18 00:00:00","buy"
"23275.014626999964","2020-06-19 00:00:00","buy"
"15203.983614999965","2020-06-20 00:00:00","buy"
"12537.129051999986","2020-06-21 00:00:00","buy"
"27157.267967999946","2020-06-22 00:00:00","buy"
"21918.42316399999","2020-06-23 00:00:00","buy"
"34668.01740299995","2020-06-24 00:00:00","buy"
"29434.376638999896","2020-06-25 00:00:00","buy"
"26984.394801999922","2020-06-26 00:00:00","buy"
"26666.968372999963","2020-06-27 00:00:00","buy"
"15705.371892999989","2020-06-28 00:00:00","buy"
"21671.15857199998","2020-06-29 00:00:00","buy"
"16195.415334000001","2020-06-30 00:00:00","buy"
"19419.696994000024","2020-07-01 00:00:00","buy"
"24087.53758699998","2020-07-02 00:00:00","buy"
"15220.343470000018","2020-07-03 00:00:00","buy"
"12853.148883999991","2020-07-04 00:00:00","buy"
"17797.41935700001","2020-07-05 00:00:00","buy"
"26322.263674999973","2020-07-06 00:00:00","buy"
"18301.48413799994","2020-07-07 00:00:00","buy"
"28067.71399099986","2020-07-08 00:00:00","buy"
"25432.820949999892","2020-07-09 00:00:00","buy"
"19934.880837999903","2020-07-10 00:00:00","buy"
"11745.89270699994","2020-07-11 00:00:00","buy"
"15892.514581999854","2020-07-12 00:00:00","buy"
"23050.625777999594","2020-07-13 00:00:00","buy"
"24106.01555799959","2020-07-14 00:00:00","buy"
"21194.954217999726","2020-07-15 00:00:00","buy"
"22965.44118199992","2020-07-16 00:00:00","buy"
"14854.72722899996","2020-07-17 00:00:00","buy"
"10156.425866999993","2020-07-18 00:00:00","buy"
"12053.053205999988","2020-07-19 00:00:00","buy"
"17291.628259999983","2020-07-20 00:00:00","buy"
"28361.914102999875","2020-07-21 00:00:00","buy"
"23426.827295999927","2020-07-22 00:00:00","buy"
"25235.310496999926","2020-07-23 00:00:00","buy"
"21588.12614499996","2020-07-24 00:00:00","buy"
"19239.14547599996","2020-07-25 00:00:00","buy"
"28869.17203999993","2020-07-26 00:00:00","buy"
"67442.6776409996","2020-07-27 00:00:00","buy"
"46525.87667999986","2020-07-28 00:00:00","buy"
"37133.484355999884","2020-07-29 00:00:00","buy"
"29835.537761999916","2020-07-30 00:00:00","buy"
"33025.36019499991","2020-07-31 00:00:00","buy"
"40929.71187799983","2020-08-01 00:00:00","buy"
"46149.964164999845","2020-08-02 00:00:00","buy"
"27277.050849999894","2020-08-03 00:00:00","buy"
"28202.34525999991","2020-08-04 00:00:00","buy"
"35596.905454999855","2020-08-05 00:00:00","buy"
"30704.187824999997","2020-08-06 00:00:00","buy"
"32542.326605999922","2020-08-07 00:00:00","buy"
"19662.483133999885","2020-08-08 00:00:00","buy"
"20654.05198999988","2020-08-09 00:00:00","buy"
"38996.755505999936","2020-08-10 00:00:00","buy"
"45317.02949399991","2020-08-11 00:00:00","buy"
"31110.169139999907","2020-08-12 00:00:00","buy"
"32443.983470999934","2020-08-13 00:00:00","buy"
"28742.23755699989","2020-08-14 00:00:00","buy"
"26503.620585999954","2020-08-15 00:00:00","buy"
"20535.78521599993","2020-08-16 00:00:00","buy"
"38646.65999299985","2020-08-17 00:00:00","buy"
"36539.456760999914","2020-08-18 00:00:00","buy"
"35802.609289999906","2020-08-19 00:00:00","buy"
"22046.136656999945","2020-08-20 00:00:00","buy"
"31057.181454999933","2020-08-21 00:00:00","buy"
"20196.87817599997","2020-08-22 00:00:00","buy"
"17771.745802999947","2020-08-23 00:00:00","buy"
"21525.243864999928","2020-08-24 00:00:00","buy"
"34009.03358999991","2020-08-25 00:00:00","buy"
"28375.69449099995","2020-08-26 00:00:00","buy"
"32576.879114999952","2020-08-27 00:00:00","buy"
"24239.705505999937","2020-08-28 00:00:00","buy"
"17264.489214999972","2020-08-29 00:00:00","buy"
"20919.76315199995","2020-08-30 00:00:00","buy"
"28971.004189999985","2020-08-31 00:00:00","buy"
"40636.19127399987","2020-09-01 00:00:00","buy"
"46871.39262599995","2020-09-02 00:00:00","buy"
"67497.42024199983","2020-09-03 00:00:00","buy"
"50025.58827999988","2020-09-04 00:00:00","buy"
"46558.867075999675","2020-09-05 00:00:00","buy"
"28601.976077999872","2020-09-06 00:00:00","buy"
"32043.530002999913","2020-09-07 00:00:00","buy"
"39092.26114799986","2020-09-08 00:00:00","buy"
"25531.70134899997","2020-09-09 00:00:00","buy"
"30561.68289399989","2020-09-10 00:00:00","buy"
"22585.233712999936","2020-09-11 00:00:00","buy"
"17818.38421099995","2020-09-12 00:00:00","buy"
"23050.164222999927","2020-09-13 00:00:00","buy"
"35178.92820399993","2020-09-14 00:00:00","buy"
"32078.365508999916","2020-09-15 00:00:00","buy"
"33319.390208999954","2020-09-16 00:00:00","buy"
"28563.874320999956","2020-09-17 00:00:00","buy"
"24221.80838899995","2020-09-18 00:00:00","buy"
"18516.977590999937","2020-09-19 00:00:00","buy"
"19720.22820199995","2020-09-20 00:00:00","buy"
"34677.640968999964","2020-09-21 00:00:00","buy"
"20674.00304199987","2020-09-22 00:00:00","buy"
"24583.64111799994","2020-09-23 00:00:00","buy"
"27220.017010999847","2020-09-24 00:00:00","buy"
"22486.506060999916","2020-09-25 00:00:00","buy"
"12967.071652999966","2020-09-26 00:00:00","buy"
"14220.737079999944","2020-09-27 00:00:00","buy"
"22898.180589999913","2020-09-28 00:00:00","buy"
"20146.329282999883","2020-09-29 00:00:00","buy"
"19124.727686999922","2020-09-30 00:00:00","buy"
"29658.112568999783","2020-10-01 00:00:00","buy"
"23837.34309699986","2020-10-02 00:00:00","buy"
"10599.470789999978","2020-10-03 00:00:00","buy"
"10176.519524999969","2020-10-04 00:00:00","buy"
"16901.239521999953","2020-10-05 00:00:00","buy"
"23386.656016999874","2020-10-06 00:00:00","buy"
"15646.121029999933","2020-10-07 00:00:00","buy"
"24353.22712499983","2020-10-08 00:00:00","buy"
"22581.441840999843","2020-10-09 00:00:00","buy"
"20837.662405999818","2020-10-10 00:00:00","buy"
"14573.407069999885","2020-10-11 00:00:00","buy"
"25959.354388999822","2020-10-12 00:00:00","buy"
"22859.125103999868","2020-10-13 00:00:00","buy"
"22344.27825399993","2020-10-14 00:00:00","buy"
"24740.589740999927","2020-10-15 00:00:00","buy"
"25976.156017999827","2020-10-16 00:00:00","buy"
"12050.890626999975","2020-10-17 00:00:00","buy"
"8608.347800999962","2020-10-18 00:00:00","buy"
