res_dax,res_nq,res_dow,res_btc,res_snp500,res_crix
-0.7180663570082112,-1.7879040090738707,-1.5119494975950867,-0.23474591580497894,-1.3478036012827965,3.258407843208753
1.2991394554142437,0.4191716157232746,0.11212923491737832,-1.260836899229751,0.36898211363742867,-0.026252509493621845
1.5074923162470917,1.8570873309648133,1.3886507739472564,-0.07066007135984953,1.4459594154661357,-1.128440399274887
-0.1517228980116928,0.1790180715216581,0.13189443546141927,2.6654232291441273,0.15405313797075298,0.2746998293133454
0.2512727450036297,0.5414722976171531,0.3178483432458969,2.197504133317861,0.40232159926914307,1.9756292265436302
0.32823621619548776,0.48002538735436623,0.4417644657214805,-0.7423842242802199,0.4622064189112734,1.6532365837975176
1.1341239636426974,0.6820948230558093,0.5901536460580198,-0.056974250253971404,0.5796994372383428,-0.7824829452991313
0.3756711512028673,0.36972670753082776,0.3569931824303363,-4.542213727178674,0.320856126263734,0.1692744785732616
-0.7709292264504097,-0.08680387277803275,0.16751902479886221,-4.482674352274497,0.10863895468555525,-5.088479879040974
-0.2769028567705317,-0.280144655053074,-0.13781657220168658,-0.42042016349619504,-0.16070994144483253,-5.836829150249778
0.06804330816346459,-0.16646134266800106,-0.07180909486814148,-2.0147766749250904,-0.09608555548897625,-0.7614240762020565
-0.10805954226050994,-0.6219486871168778,-0.21021425369508268,0.4931859081031462,-0.32928911396775695,-2.4547661999772856
-0.10713677895028394,0.3651975697816378,-0.024851158885901684,0.9558784932750113,0.14948583851111902,0.6495158454224323
-0.08111738773876968,0.7802032864334743,0.5089603099109563,-0.8635719865975591,0.537216624718661,1.2849201136377124
-0.285539982782484,0.17685997682727478,0.6158043014795758,0.4756303720978273,0.3807021956739581,-0.9677132391698171
0.98560182966571,0.7967856901902799,1.02009170191174,-0.14114681213429864,0.9287555704160905,0.694590106688806
0.6516562154615789,-0.042695725848166555,0.22154807843136887,0.5034088171048999,0.11623808408765095,-0.518445164101734
-0.6459541626348814,-0.7822860191368415,-0.5119117032254898,-0.9254017569030186,-0.6022576190949411,0.3126748398818529
-0.05514228081955662,-0.507512761899914,-0.05773270574168081,-2.239079186795615,-0.22725011145287505,-0.9874321038169069
-0.14555965159892492,-0.5492825970945829,-0.25951511172569763,-0.12946332582667597,-0.328388160621705,-2.1534719203078097
-0.17756751264631454,-0.29566090453254146,0.06295051469207334,-0.05245261743959995,-0.1603025536310995,0.2614967731732352
-0.03044592165237308,0.017545123458910017,0.05635488235642887,-0.23201141927789593,0.06896482489833002,0.08422071413198667
0.9213580496818919,0.796267909665012,0.21284995045536392,0.022572638711956056,0.383253892764895,-0.3372662732420459
0.5556924036507734,0.2304312175080861,0.17641451607384245,-0.15955239036751948,0.0666458915858155,-0.14374370394713482
-0.2372127920863425,-0.639256845799453,-0.2823076948605105,-0.4009781073766755,-0.3361458443654276,-0.30310922082758224
0.255286046748883,-0.31554983676558956,-0.3108320790999805,-2.022061284753563,-0.2551344104911587,-0.6477908388893652
0.07652791665427681,-0.7866747759314086,-0.17521280714039505,-2.087133408747885,-0.3495897197646671,-2.92677060463504
-0.4229272504808622,0.8773247206915864,0.9242592422999416,0.048486171364805264,0.594683618171691,-2.8520744803138496
-0.19904900351008703,1.9140995334893396,0.776834318890766,-0.03691076326336523,1.0973657541544126,0.8610132785494855
0.007355000022981964,0.15154515940223773,-0.02823782132869561,-0.15286513385671374,0.3648331977180293,1.5323326442810605
-0.06887987106635902,-0.2679893260400608,0.06266787152425142,0.7290115949268436,-0.03684673294154574,0.41858259256674885
0.09047125204977953,0.2798566242306812,0.2404712312162915,-0.5170853254469778,0.13405200953609736,0.5208528343018202
-0.17262414324536096,0.13862220345735493,0.19199244480106453,-1.06193941046027,0.20007316821221827,-0.33617051895066785
0.46194200101585536,0.3664283795166399,0.24412047511130003,-0.14773129409068486,0.21966495208017972,-0.6458011950961349
0.5972533749270189,0.2730488443986887,0.19159629730158945,-0.8361619865484538,0.014232019862646716,-0.08279836453827194
-1.7149877540451859,-0.8800937489325915,-0.46531236957326055,-1.1496718600907023,-0.6890459956901344,-1.2429966272721888
-2.1850682095388425,-0.7112368249880421,-0.570714335896484,3.5405193026081783,-0.5440140374688651,-1.2566471423002257
-0.06340121663805785,0.09718561503523654,-0.026466993652506418,3.8102251955741213,0.08875911649823791,3.9691958306446744
0.2950608763476826,0.09703387858425455,0.12341660267715211,0.13716678523985348,0.15072517452523765,4.345130381824631
-0.6037895587543319,-0.3281025099760025,-0.36796159400382894,-0.488941461454536,-0.23857269001919784,0.47947345511226974
0.42270803948694413,0.34447027762504606,0.3591048606164691,-0.6776384140686325,0.31016242265672117,-0.6612247318289417
0.6621395770560511,0.5901896453454425,0.8545537567899866,-0.40550798140057,0.6857438662300416,-0.7526426341753432
-0.4168350767738285,-0.13874611689447475,-0.042581718393858534,-0.6844774829340304,-0.09134943999815388,-0.4302282380454879
0.5698447800074546,0.19068442355675935,0.7025557746947084,-0.33648843315918736,0.3013884687249025,-1.005496721680508
0.5490539288523631,0.048653903928860154,0.49388247672933633,-0.0034219340228758832,0.255759787665732,-0.3888009280101038
0.03398673043804702,-0.21212626062588633,-0.2550180960069011,0.5490157371067785,-0.1715601282050439,0.2611490034728302
0.518523867852504,-0.03193896642083782,0.22488750501044585,3.7169564475662913,0.12428668559239962,1.2269989859083754
0.184472980240675,-0.05113347899733198,0.07832784383969142,3.510885929030188,0.027103076041077243,4.224918610179879
0.3711256338802861,-0.07886291853856306,0.08323305736207194,0.8868939041003985,-0.0016774454326332622,3.4167144456642324
0.12014497961722566,-0.3862090598261559,-0.1800957807204411,-0.085106429847983,-0.19743339843067087,1.3913803254210775
-0.3661585421852314,-0.03953286132042434,-0.009468146762145094,-0.10295429991516303,0.03426618979718864,0.03829117099324869
0.0552903935058356,0.22717223888395788,0.20723004377440618,2.1784914718281874,0.14216266835246766,-0.5513879301318114
0.14428496229538562,-0.026842172017849608,-0.043773707546722315,-2.4799859803306736,-0.12606497331854433,2.4826203163494034
-0.2167708718846884,0.12374944454869663,0.13773755929960585,-3.2418231762750187,0.020148143835734142,-3.0347981491799163
0.6867187832972466,-0.060416218779155845,-0.057138181491243625,0.4016604796270966,-0.07170218654868299,-3.8701528828322562
0.566289907545503,-0.17569482437614228,-0.2587652413809006,-0.5895880602822304,-0.17669240903855984,0.535581861267826
-1.624764122765457,-0.2547097487652258,-0.32262285608601815,-0.1761236300626594,-0.2784449788899272,-0.6412147521196809
0.46630248956461895,0.09381943197385073,-0.03924793066155513,-0.07093938069451791,0.0935235076070657,-0.20283185100066925
1.1956270705486105,0.10589979077996975,-0.04458699514646165,-0.05688377004934292,0.06209669055042917,-0.08068662666324292
-0.5332540058647649,-0.2757426593846043,-0.44334124678131265,-0.3421738399579849,-0.3632798958575449,-0.22497278013341457
0.055042801498133634,-0.09607573582635777,-0.31419715213684113,-1.5175089984762455,-0.13127106588157839,-0.657118636725472
0.03792583840561893,0.047132797849825186,-0.11794771147153273,0.4975910244135969,-0.10723716066246536,-1.9425726251680895
-0.15894949338751557,-0.3880151146479543,-0.3708059470465843,1.7074489626973655,-0.4927486799157384,0.7444640591901537
-0.9948798347043056,-1.1150648324776053,-0.7836584889326607,0.011991695902427546,-0.842457893716367,2.389212298260398
-0.9963264442260187,-0.7418510152621698,-0.4169960691053221,-0.21745771570790945,-0.622837419573543,0.07125707364561512
0.12650391109805825,0.3202772625784187,0.10884959832426395,0.4829263927114986,0.1583176868714542,-0.5261554270038808
0.2940437531599747,0.6911171930335032,0.12108366464263544,0.46748598164806765,0.5152312524782802,0.5418966909348117
-0.07219331241941922,0.35525573763278057,0.08678188064847144,-0.9162463223029323,0.24527321162049265,0.792053848711141
0.05658262282877531,0.28110897729644757,-0.17533426562370708,-0.7181638279857869,0.14261001706512516,-1.1708720700090889
0.5288422548266808,0.5686614158197096,0.07691682679499647,-0.16260260471956256,0.38517800432966615,-0.6489273339925072
0.3312968526470115,0.08467259258627652,0.22325382062268695,0.013010332639364436,0.19411095911411874,-0.012262338927465255
0.41966315307146795,-0.12895704087535098,-0.03776880455422009,0.5097837895550921,0.09587691969270822,-0.1881914414433833
0.27357570827183275,0.22672765849370857,0.06721744197124192,1.3923834328203888,0.10198810291655007,0.8548265294967496
-0.07693255053212515,0.35964947305443157,0.11915565383752146,0.6366299547178151,-0.012934202789939411,1.7952823563190181
0.09018422410578454,0.30872766391678,0.2583814915009399,-0.3814776508674512,0.11254939775852767,0.47822652843288854
0.38361732701331597,0.071458288730879,-0.0022711449992080662,0.38833575217424676,-0.02830151856514139,-0.6356067770870719
-0.24008551663871275,0.183010549556832,-0.5395309475078119,0.49794382394620784,-0.26371285484868834,0.11279889961079609
-1.0028567968651296,0.9195358770353894,0.12210327778180154,-0.6930059530777336,0.2854392863321622,0.4900136144457801
-1.4909655542018245,-0.40408771634788054,-0.3839952932569914,-0.9595182922765226,-0.5160680955971619,-0.7286606879941585
-0.76753252346028,-1.0378685275365818,-0.6877657396867344,-0.10086232466939216,-0.7938724780858281,-0.8325139551466514
0.019044760684801335,-0.08197665797875126,0.08211610307180202,-0.20357879930959413,0.05941707627031405,0.3973760348160847
-0.6245364190788322,-0.4481852058428312,-0.31397370729293494,-1.0855720640518198,-0.4155226589005029,-0.14957902367617287
-0.3398314478964736,-0.1579826930542362,-0.04260402448156998,-0.6386681641369822,0.039049152668490086,-0.8489335143818089
0.20044266617959583,-0.28787776706003415,0.07807898688704872,1.3755705675701881,0.016952957157499574,-1.0761916460080798
0.29972504449698484,-0.3147326722706267,0.03458470551681779,0.8781735600543847,-0.16270927208379987,0.8768432011457652
0.33523398205960686,0.30148227264958233,0.44651696675827063,-0.0417874886282088,0.4062209789074102,1.0704372527565358
0.3662857903201509,0.3239118232211963,0.3367916710472989,0.27900210688025673,0.2957056886655322,0.4897560207123755
0.4686469747329628,0.3489977143971763,0.2558491310286853,-0.09591685663662092,0.2502342140939267,0.7135589897644021
0.31547186479661193,0.3701027250296329,0.499827163591761,0.44579534433164625,0.3975427199462202,-0.1437373785613027
0.2506983373606664,0.15353561958395784,5.587734797603272e-05,9.139092657038747,0.10717298084886122,0.41261956328063815
1.1346041447799042,0.4096266157634923,-0.11790692002424195,9.450664516802915,-0.0016754651566537743,8.913874316465737
0.8845622418814442,0.13443287588238734,0.364044341287061,0.2677017261245409,0.1016835138046867,9.163920022185982
-0.014473045862405373,-0.001809876362648677,0.20908423464765347,0.470015842240771,0.22608629869945318,-0.3797208400025122
-0.1803147168079059,0.0728566650356858,-0.203208947199925,1.204649179611015,0.01259153671662265,0.6203873118958276
-0.12340965941258866,-0.1207990655365122,-0.28312589461758747,1.4223203375986997,-0.18330134699696532,1.6838520506618841
0.01818327772424884,0.04113831086533981,-0.067517577729657,2.0666170640889563,0.051932379651797186,1.1959588966131942
-0.3234558970288377,-0.2462876512846197,-0.3331381895352004,-0.10940192463923859,-0.28737109442167086,1.5904348185531578
-0.15353905643065272,-0.029988640815907713,-0.40317383073045704,0.16546373224721656,-0.23944824412584087,-0.7114881721827373
0.17296333780115758,0.01136867564566782,-0.13206400694681358,-1.4749918633770038,0.06583263262574925,-0.07900108783535248
0.48724905866233004,-0.07495981359311671,0.37879897442632504,-2.376508751651386,0.2224052651439033,-2.078207377918978
0.36639665308552677,0.03842338180236124,0.280405453439182,0.13484578683631088,0.0962490080085472,-3.05937873041155
0.01926318204349388,-0.10979456431626325,-0.14576648507574957,0.5853992912835227,-0.17996462212531078,-0.19941205500330111
0.1285600722201644,-0.1332811544255477,0.011205201896521674,-0.4573172845292293,-0.016996314556601347,0.5452292256915365
0.19442331041690686,-0.007227520946960719,0.05151746874415318,0.5070085468121456,-0.04578098988403899,-0.33772744267171184
0.29546979387527983,0.12665435812176878,0.02007733579619371,1.6369064809370115,-0.19818978555814093,0.12602923076728828
0.23562291253330037,0.06700115086980027,0.14086906332279425,0.4169006352590643,-0.14470308307053528,1.2743044748008145
0.019153280084906868,-0.01837353850664991,0.07055559365055948,0.31169690094560676,-0.011104883197791252,0.7061766486187493
-0.16033643841688006,0.03613939727706711,-0.14954561190407867,0.19071978895482428,-0.006547494985435248,0.6041975560247042
-0.023523234058567016,0.23550875290014078,-0.024585223457596547,-0.0792578228380722,0.06030921168580421,-0.1527733690151803
0.035429705375222956,-0.1861987773433032,-0.11873751612583795,0.39765528808106265,-0.1624682652057808,-0.7177436557885666
-0.19124138128331958,0.30051282740930535,0.10015574460787093,2.21842999048153,0.19282771789396064,-0.3225499868416591
-0.26439514403011627,0.5819802261054023,-0.030618321988803564,0.45575945969743525,0.22250502989961762,0.9296971350475958
-0.1647811139245478,-0.39924636619040166,-0.45850925827119704,-3.4733970756012447,-0.23800394105251244,-0.9466425195276422
0.06448361892819084,-0.19376367322808818,-0.12895571163297403,-1.8483434370122895,0.10584883189185705,-3.980529406835792
0.139061654939176,-0.0030332894795121468,0.06071598536769664,0.3740839901528743,0.06403802352330064,-1.8001920858905622
-0.05452668909726997,-0.35731016665041415,-0.09458187796435864,-0.12653002861877027,-0.14527204974732555,0.5663881799377781
-0.04221420071430432,-0.19364806472120683,-0.025229712346943337,-0.3792893450821202,0.0039614465779244795,-0.5256942510081664
0.18342205309440518,-0.1950367917928708,0.052257160610470935,0.44582047171945927,0.026577765131575545,-1.377735524894447
-0.022294532691226124,-0.5144912256527641,-0.3813761783402771,1.2889419292525852,-0.437504402244443,0.4294673604233324
-0.40597425136051113,-0.5699333959678485,-0.6860100293676481,1.2533307813805552,-0.5912745291967324,1.5344090965438748
0.30865266629552035,0.5541789439984854,0.12433083943300134,3.1563568695150304,0.26574759887639365,0.7665173637204798
0.0002458620320123922,0.22066662160906686,0.10540718100310033,2.7519877534596358,0.06472200754584413,2.8159032755117424
-0.7454256506178926,-0.8230626245620551,-0.5214331175351187,0.05927307583497954,-0.6027648935280209,2.379860094106661
-0.21338729576388615,-0.05972669234302608,-0.004555870501357681,-0.9076335548316744,-0.024769378042069315,-0.30614440003723015
-0.8620521327028742,-0.691019511064429,-0.6412021981029241,0.11589418033051169,-0.6647790167887283,-0.4576773866331336
-0.5276927046438856,-1.1500759613471045,-0.8233955356622791,1.8496835260920357,-1.0158209338423436,0.8228149934179323
0.10497949736684133,-0.6619349894070574,-0.38593295834003255,2.735490357927521,-0.3413096063071787,1.0711264056095706
-0.1455253481386412,-0.39052812965594597,-0.17821713425912455,3.0781184063292555,-0.07502348802358569,1.5256466443102505
-0.18274839332976778,-0.5157626573482564,-0.17343537479965204,7.946744488744114,-0.27618680567827525,2.360462362230222
-0.6147662697116327,-1.133764774079824,-0.783760997216445,4.679383372040644,-0.7695604135154738,8.524462398811261
-0.858665732550093,-1.6463398847979105,-1.034970251558869,4.247484640946145,-0.9737417068615392,4.648730190231437
-0.1657304166998096,-0.4008114366882504,-0.13971307940782157,7.008755261838495,-0.26558572226387706,2.403741589318685
0.7671720737107484,1.3079622528746195,0.690642043386084,2.284860132656096,0.5827788896459164,7.6872115639297505
0.8855939733267569,1.0531844995307555,0.49493318741701237,-0.8151586429036586,0.6267460096946615,4.775398196494441
0.05076718864697251,-0.2600270177376795,0.12340193505041534,-5.563968968018524,0.04293058643125307,0.8667191825553506
-0.664404323954055,-0.8390838663025435,-0.27265300710700563,-4.1072852417441,-0.43831476171753936,-4.966956914033719
-0.43296289675721256,-0.5465388268493361,-0.13358914199255173,5.694296138627164,-0.23233222000568188,-4.402090252772268
-0.6442464239415775,-0.8410370338409121,-0.22714931090051976,4.851117729891135,-0.4115452559883914,4.937417139922762
-0.07951032907717849,-0.060999167319174596,0.15025799782326527,-1.6136616740490044,0.09913064920557961,4.258553773324837
0.252717041453014,0.1133014692174234,0.06304028980703681,-2.0541350354048493,0.17360488870902563,-1.477504347236962
-0.708374074858861,-1.1762266008213764,-0.8828338610927857,-0.6465841377986439,-0.846894401182888,-2.122269016032517
-0.708374074858861,-0.9176911428650134,-0.3735772168494858,1.801368816896006,-0.6379966434590735,-1.1882160769644041
-0.02995098123508798,-0.033536982625201384,0.1064639884986613,0.8956777894939332,-0.04911123186348772,1.5611680223596958
-0.210892588795568,-0.2619347239145514,-0.44996870457111177,4.080147332337493,-0.3569247396802322,0.7998225987215013
-0.2837832493903613,-0.5603790443124166,-0.6056755740057952,4.436382224614751,-0.6094227720182905,3.595252111630042
0.13777348964076225,-0.170687311819288,-0.2091666925821712,0.09522204963548941,-0.282227472486668,4.954858747180782
-1.0876365446495722,-0.49875126092580496,-0.4483665536264197,-1.0157437090188925,-0.368502954222209,1.0726552661598934
-0.6366732432449057,-0.418855718225534,-0.4354364564620652,-2.491719756961282,-0.350639154139936,-1.002543530583875
3.3022103032889043,-0.7147416581795092,-0.65741843829743,-0.6122350282801746,-0.6648121678644475,-2.7115160671214276
1.0340158315450694,-0.8461248462367967,-0.3981416001312605,1.2898716545318283,-0.434846689240332,-0.33796225271333896
-2.002025553390929,-0.2331250143813371,0.457319329134205,0.8018747954789984,0.29268915032157805,1.24412931643796
-1.0493140319920635,-1.2686798321352661,-0.40241173955639403,-2.1906566945277746,-0.5792422991434215,0.36207734004437514
-0.1919566608278862,0.2835520151800594,0.43557104371895056,-6.288280689501709,0.42460902711942844,-2.4455683864051188
0.48176584557240243,1.5215273461439023,1.2929404747150037,-2.4791323334590496,1.3697441689563126,-6.561926223121874
0.370752809747553,0.5671354645892652,0.6997497545273875,0.5596533287566967,0.6049049682150122,-2.2364824623525994
0.7273746577081969,1.1664929094058973,0.7903744751831775,1.2227873009453816,0.7216971229371633,1.1389733332923617
0.28532246254444454,0.6305141870450395,0.23490564353012094,0.6785694907462101,0.2574897381954823,1.2657076114760415
0.12990470665717901,0.1320117887768198,-0.08260986389171802,-2.41244570712856,-0.04516072730079075,0.06931389237572555
0.3539180595929784,0.6628883716280067,0.25794239983788597,0.1766398902295051,0.28094661220767875,-3.055059541542889
0.35897054664788147,0.23732644490830052,0.026369764058235753,1.3952203523434579,0.04121819995066427,0.04414987382765595
-0.1858205420711645,-0.428635398988931,-0.22621714502498924,0.7402883469634427,-0.22934005439727675,1.4182147867913206
-0.840873855633253,-0.11574970858257673,0.01586425551262148,1.7162600621484647,-0.006976954825217277,0.7510794280270856
-0.701024397746248,-0.11224743574696522,0.12901993124269756,3.1524466317254953,0.014326394753961705,1.7339485780860548
-0.009022336359194014,-0.1510656445125672,0.0035768896249055854,3.46159180154074,-0.10010560216093327,2.5886553883521697
0.33668671881185,0.4157278540447727,0.16608731097299395,1.5327355226416748,0.12039157355230672,2.9166816180092408
-0.24727035155035842,-0.06505867337194382,-0.14446342962541953,2.5129115141422,-0.15322494300731382,1.5536987009820908
0.36009133291204604,0.40055335605832426,0.3780301360612395,0.3498154801000246,0.19272348322242666,2.3580655832307205
0.8822298580992439,0.7786371258059548,0.6763570432592895,-0.4059153559828903,0.5251610740365441,-0.04487897329585938
0.5583925793803299,0.5045870174524021,0.42089308601532643,2.2415670379450896,0.5129003472851855,-0.6477844846799943
0.30877966944786484,0.1752273615786925,0.3242217394808819,4.426023112964775,0.3006810242513356,1.8439780796175804
-0.1818216019474881,-0.350120097775259,-0.21124664006539706,5.804459614140935,-0.3185986069224814,3.79464310859002
-0.14266442349201103,-0.23146867666788248,-0.20124831498685825,3.282283902950029,-0.33254414276133787,5.6514623614967805
0.00864515195023946,0.143083614299562,0.041108128374677214,1.253606367882979,-0.05050871178004236,3.1449329701139948
-0.2220127292378365,-0.6736322125399505,-0.31004605046280864,4.076627589614454,-0.4484219010819959,0.8161241607942391
-0.20783423577939353,-0.8461471985849831,-0.4805495756299349,8.55533625222354,-0.646483661568831,3.1594151391302847
0.10816501926966095,0.256322498815483,-0.11441838165404837,-2.0285412154744495,0.019494993180315653,6.544953811032555
0.11948208966870098,0.1381766983406723,-0.0033041429200725697,-1.7495151697178486,0.36906432251617566,-2.9685002549164996
0.20620016565036448,0.030834167502176768,0.15068944574403248,3.4880985104410716,0.22359547764770776,-2.542858167774425
0.40417936009626443,0.29532580004325243,0.3210667656634645,-6.762338403156344,0.17472695364927232,3.4221504247074246
0.38364129508853295,0.3179880792965824,-0.028683806260681996,-6.038821749480469,0.22718036275951964,-5.575625830839869
0.16562947852164445,0.34205839392220494,-0.1059387643467505,-0.23091505077092456,0.13458255394404756,-5.401771477769089
0.43961831662557205,0.10621673279050892,0.1030470213631416,6.218441679392631,0.4200581283744947,-0.6583220249108082
-0.03951748045152899,-0.15941106343555989,-0.016095586283546418,2.0682398962274116,0.11591641799907819,4.6880697355018475
-0.802445288752813,-0.007249772492799872,0.07406698734406851,-4.355886050069055,-0.20004874358312785,1.4649594956502598
-0.3698515514167717,-0.11121486331144559,-0.05329793221451999,-0.19027071801041484,-0.11970827507973737,-4.09631220056957
-0.19809911756632764,-0.21713438291289963,-0.1177319168971509,1.9470614574314749,-0.22587147158105675,0.12818723410416993
-0.14619905349140888,-0.40971501157064916,-0.1905877427269179,4.54564678757743,-0.27469642355673474,1.84362106124963
-0.30068512618862486,-0.11652326761020615,-0.24813840443584295,4.636271457743825,-0.1743591348022444,3.5429165373312546
-0.4577105332009719,0.6681274823197023,0.04081491882714307,-0.6696337167206148,0.17739522979501715,3.4410329692146493
-0.3449639027617349,0.32144835462607996,0.47088753450878745,-5.12268805669349,0.2298287165944921,-1.3245986194278356
-0.4097242276969204,0.049736981959963844,0.7480574980472061,-1.450179826273455,0.23530298244431064,-5.59102555576664
-0.009380885861376434,0.01450888054033686,0.19861572933170552,0.03887866670958995,-0.01294217282110087,-1.911513528920465
0.24535056061964555,-0.18873271814459308,-0.1114157737552575,-6.961424145727856,-0.23093739173392452,0.012599768842089853
0.13108180643781908,0.11894318382697844,0.12201101977565997,-2.0535217374722055,0.03315993326725801,-7.14460066257912
0.04276169083909713,-0.21372921612963605,-0.021966989483508823,-3.57131317208831,-0.15004251484559084,-2.6057832614611156
-0.056657342276516365,-0.7835069259701037,-0.28737205637676533,-5.5463232767509245,-0.6067182010479398,-3.5093964420004657
-0.08112574360179592,-0.20369460496542768,-0.31685469681868955,5.975681364710225,-0.25742939102706236,-5.3533756512746296
-0.6698474002532109,-0.4152448188503956,-0.26989095114688555,4.198968191735515,-0.23970394185035437,5.685147106843376
-0.4359145934889584,-0.32730171616504067,-0.11583874002169557,0.3044133874122157,-0.22685352137201042,3.90655056223849
0.0848638361870326,0.4229093139866144,-0.02708179455083133,0.16044229848599068,0.1498062560756951,0.09022769317054508
-0.4280191123657404,-0.018024882187358093,-0.09843660497377463,-2.169665540549829,-0.16012941791940738,0.4075372212419937
0.22939309038249367,0.17595734417357095,0.21561544470942712,-3.527682294066614,0.11442167448200256,-1.968809391505346
0.519656275437605,0.5643449635436104,0.028801620275005435,-2.768698973593038,0.46681444740614714,-3.5102444515891045
-0.6447410653375052,-0.15780699979410512,-0.5023365463488241,-0.12121602315832836,-0.13867976490554335,-2.351013541436807
-0.8276790170588935,-0.25951658663345367,-0.24533543032471755,0.11790745867950059,-0.003702618503583374,-0.1126425738754821
-0.1486385043295929,-0.048902931366551605,0.01688007771232776,-2.380174043651034,0.10006975267336764,0.039699489918641584
-0.14262227186077892,-0.4170307103960606,-0.08797966468963195,-1.7740064114252159,-0.33835869904037336,-2.4463705244771137
0.35162698278562066,-0.1232437283648041,0.002576937741240723,0.03845444501667905,-0.030969579619867363,-1.771135715910075
-0.582720737381926,-0.2306218814328631,-0.052868329128113574,0.10551274747650324,-0.09085841844331238,0.0809513584201001
-2.263199573214321,-0.9910304376508603,-0.7155688467813176,2.770699199468643,-0.7831761488182915,-0.08408186137523127
-0.6527607475766309,-1.1253856363757233,-1.2339616628827017,3.863884827470601,-1.1041830939095358,2.654128440090434
0.429356685882364,-1.1982464951737235,-0.8422653440431361,1.9449208780120009,-0.9240437857570823,3.3005064320632753
-0.625536396773431,-1.0555527113994339,-0.49200047010775166,1.8310338390107852,-0.6555167037256368,1.4691754442714
-1.2016833981433408,-1.0865888239668986,-0.18008674549760612,1.9472016891627104,-0.8081831122043404,1.4597008925399497
-1.2964998246232209,-2.001027871657151,-1.5556364939422958,4.312121375678631,-1.4305141802878563,1.5093178682776598
-0.6594802882250406,-0.4093972488090311,-0.9585808122654218,2.2392145161780954,-0.2628599006310864,3.8542790564752543
0.4377967500011619,0.9853137384892097,0.6784609095437729,0.45166422232065595,0.579227570593754,1.731600539483749
0.726379993349375,1.3115777117923846,0.7657608203721629,1.940967192853474,0.8664918803598889,0.01631785518302481
0.4278827827370125,0.5724360299750102,0.5509453828240839,-0.5117272669628401,0.49731775952755813,1.4772980170240568
-0.24870110338032908,-0.7622660896136897,-0.4830261285101451,-2.7590159149166427,-0.6237651583245114,-1.1721650261962981
-0.6345667527391686,-0.40313974028250665,-0.1904236510319256,-1.580005493891034,-0.4843286479521649,-2.9504008536808155
-0.26796271058909155,-0.6334875881246131,-0.6337458180390915,-0.046666734367718954,-0.5453895227713804,-0.9057168391554358
0.19537219516278947,0.6930541505535324,0.12164296403604348,-2.931626495926179,0.4025887052033636,0.12219613290103443
-1.5634193052619296,-0.6229975054215061,-0.8524724975458515,-6.1936178196934195,-0.8180203165532715,-2.7619284376310005
-1.9453654823863578,-1.7705964271794377,-1.4807976782176866,-2.7628041692660945,-1.4513913280875868,-6.412482863629975
0.3761095176099124,0.6728011557111324,0.8004846708784384,1.4152941624249735,0.7345525387432882,-3.382574198642376
0.6679159373707434,0.665199252822462,0.596297606071281,-0.5644792202057612,0.5928116182363484,1.0909962303432708
0.3574532122362404,0.2024648314786835,0.18189257109773088,-0.3115438684388192,0.12821301945699298,-0.5474710884359608
0.608829161848354,0.5670911045960159,0.2905116211152007,3.1316168513023763,0.5122085599062387,0.18784452205966784
-0.15501852846636294,-0.1255483434601291,-0.3021453604439333,1.8742184324156963,-0.14023544460814175,3.112087503873434
0.1942984908950241,0.003671944116905357,0.12652982350759417,-3.7859462106450144,-0.09336353401768722,1.4779025040733842
0.4637451300914851,0.1370558339781724,0.482613976296455,-3.1204565813698704,0.2770690841097044,-3.804215631428741
-0.5981969306648715,-1.7398377734230979,-1.1443538891089098,1.1504300040809297,-1.4325876898744507,-2.695472237814061
-0.3177857621401494,-0.8712546886109764,-0.9507839637788498,-0.006489513206433928,-0.8314149386570915,1.6497250986598144
-0.04409815278550548,0.4513697208275396,-0.6288063312105299,-1.4786536348093982,0.46991017123938866,-0.1498604085826054
-0.38975008846138703,-0.1911208805563394,0.27055392012328816,0.8584048765221266,-0.1363800227559651,-2.1755267101083233
0.1296983362256085,-0.35596573539487786,0.6231937768685462,0.0704637420076955,-0.30054732750571006,0.4226586650219815
0.21198704007785396,-0.08913909516462235,0.10123474161984598,-3.191312243722945,0.057147870483853266,0.12577268875288433
0.08363300817458148,0.8355047117861101,1.139605218796573,-3.5496983648374902,0.8516715020548782,-3.2502670588291465
0.9974282758842744,0.45641807216540425,0.6236151141832466,-0.9710443557303534,0.5565368650950236,-3.7793006712181763
0.23409025614949036,-0.40841468989764673,-0.26091944600660205,0.4500638222440909,-0.24006340494910122,-1.0063453691736486
-0.42852341299387275,-0.20007658816806825,-0.3305289016210685,0.6484855600489945,-0.1717094021729117,0.407777985794116
0.07080143300757526,-0.0028434874134742605,-0.035255614182809994,3.4962030904549497,0.08423459720488778,0.449183893461993
-0.44669064791749724,-0.5709967137845953,-0.3768701249375966,4.172775502324934,-0.3925001992425862,2.9276217646361586
0.048136830143908224,0.045596875476026755,0.036077650590103885,1.0190958402291657,0.05589542417168923,3.893766110006404
1.3907565757380087,1.4026579361191538,1.0179947174898734,-0.4079010823374587,1.082627538911699,0.8145952929004707
0.8095271140626586,0.7261356597887911,0.7398378953133635,-1.3218732222916503,0.5860538502662436,-0.7081978837063376
-0.20622344049949537,-0.33023391564656995,0.03761109655805557,-0.44060625358047567,-0.1733002618801744,-1.3127900371444947
-0.03470508784496483,-0.2626686846005498,-0.06362494598542444,0.2488669733157114,-0.0872259839213179,-0.4312595503147912
0.05810421062745767,-0.12237621500485232,0.05398556835753711,-1.0519655327428938,-0.0055054507339374475,0.43635005653103126
-0.11341414202707285,-0.30482770226999734,0.05545070863515063,-1.7502610656942557,-0.12099476864098645,-0.6407822007792727
0.2606084588345201,0.2300227314451352,0.48108704569567057,-0.9328095966974687,0.26763218146023615,-1.3718191134914803
0.9122695835236301,0.5317982426740608,0.47996041653060156,1.2651621482771114,0.39547460573222676,-1.0595057616711923
0.8845243722775558,-0.17052244170939823,0.05194014091343892,0.7186226032470289,-0.002230157771366495,0.8923606058715627
-0.12715796587670125,-0.3782893712474833,-0.19730768807370958,-0.4319003092027003,-0.2020794767846435,0.6921365207414492
-0.490709854553081,-0.18152596364176307,-0.332589519609511,-0.24365969395545803,-0.17513402071016737,-0.12442050078876371
-0.18230680648807152,-0.328250368837153,-0.1809650100752555,-0.5742834469620224,-0.21098467937925786,-0.1587727349430357
-0.2287549065573138,-0.08614975200727376,-0.027067335803226476,-0.6972139472692711,-0.07262181573470733,-0.3268677069773932
-0.15405426434689473,0.09247889076895952,0.03378472470154552,-0.5645886636293647,0.03625511343752251,0.22922224502420424
0.018882523269255255,-0.10964396242972074,-0.1357874179290235,-0.057555575346197624,-0.0918337583249559,0.2935074539231037
-0.0041999535410262995,-0.11453908181370524,-0.09714106554631649,-0.2603692977502916,-0.35374718360616275,0.4013624847320599
-0.32358610287308187,-0.310250718972601,-0.15611080040224448,-1.3897588668115917,-0.3224411834462004,-0.22158743115140764
-0.5826636810692504,-0.5313705434545278,-0.325682731427829,-0.7240107939964042,-0.17746771586313587,-1.5126195759671148
-0.5408590636208184,-0.2748067339980679,-0.23952891907810597,-1.6222519157748396,-0.14696928381398033,-1.0966894841903387
-0.13767295324738388,-0.8081692090688979,-0.44018857079542445,-7.57315290671296,-0.4679824761067214,-2.166974983022204
-0.5583804099933205,-0.3322560377506363,-0.09216503899223946,-6.654467421192855,-0.22285707303212188,-7.199936422782941
-0.2895883044122145,0.19078294465925433,0.05430931240747701,-3.12461975050239,0.07651566205762565,-6.862221278407241
0.30252069500710926,-0.9108345076063007,-0.3852011511203025,-1.531565990059305,-0.4972305384827783,-3.726848671741792
-0.17920438930664023,-0.5071261779589713,-0.24655474299915442,0.6006716454919934,-0.332176015707383,-1.5276703008975872
-0.2348571423911759,-0.01433494957974324,0.025763830634674606,-1.0770383784677566,-0.1952915618562165,0.5899517876674616
-0.04130228927369241,0.10861420338023875,0.09517519566138001,0.1291726306076051,0.0994952142407307,-0.9976753176422934
0.2915494290002306,-0.31458679181821825,-0.704945079555929,1.286424602677713,-0.3844902819378094,0.44206463294825765
-1.4786724162560951,-1.5999761423326504,-1.8011101761269117,0.41438687552310505,-1.6180459169085157,1.8254716093867347
-1.1038674290873163,-0.3736348205369164,-0.7196002587456415,-0.6760926262042128,-0.6065316116908268,0.21851693011753476
0.015826075822643518,1.3060831745130286,0.9498196301706734,-1.3015265713580118,0.9994734247909031,-1.2508579715717822
-0.35217028964812747,0.21563485235597352,0.29147403566125446,-0.8406115453131687,0.20864101847639704,-1.3888006097426127
0.19248993763399114,-0.3072941443962674,-0.24951030185479012,-1.515345922488917,-0.5474821112568572,-0.4234777931369002
0.014518924854206652,0.024876623916112617,0.0374013990619171,0.4279152131397548,0.05988062417852179,-1.6977037635176648
-0.30303560110315547,-0.9244637110549065,-0.6497490294954084,1.3277317961549582,-0.6728820782323939,0.4868356610787577
0.11698215996442103,-0.39989631559806643,-0.3340733469390907,1.9458915484100385,-0.4327834333427118,1.9192805751315718
0.8103880230267925,0.7552474845840427,0.5754009937227338,1.9941030982884687,0.6660422969552472,2.174030400285222
1.6773890842415113,0.8814660241002323,0.8053310436411127,-1.7770887722031763,0.7577665628920983,1.868783272265794
0.9462052768409591,0.39666330984702086,0.3755801853472627,-1.6342699970460277,0.24282169588367386,-2.3012742348904713
0.1124420875501292,0.03735190005217498,0.10294004082964477,-0.18605713456761985,-0.09381043120798856,-1.744285651042596
0.5325357793271982,-0.06404692706996604,-0.04754859907076471,0.047587524164997674,0.015679721843494962,0.11384613917866476
0.4540470936690262,0.30966145052366,0.15427947122267927,-0.8700375880668854,0.3031468124942395,0.31747237381120524
0.5970157515116026,0.432325044906071,0.27947316057902327,-2.15442192305852,0.2878395955655735,-0.7334809843916803
0.7018519577073595,-0.1915925941604532,-0.10073633421405619,-0.7932135102926294,-0.0718026657790626,-2.2876515253503924
0.389747904671285,-0.5735981490113332,-0.42863739214743873,-0.6378133627956746,-0.16779276056627557,-0.6411995330399922
-0.11737464286756748,-0.4291878746818751,-0.4080188099861973,-0.8918550337096262,-0.16632228605157856,-0.4092571920196674
0.14368777028394503,-0.09965335356438954,-0.061640975422808705,1.3761428206223638,0.11130905279710994,-1.2020492679758534
0.3524484976582081,0.10951425818884547,-0.1227170105872037,1.4114765363618529,0.09323520757368246,1.1790812511176418
-0.3579618740745964,-0.33036367578249254,-0.08982741387996872,-1.053999210565112,-0.16686221152581454,1.3460843948700387
-0.023142593507941886,-0.4386863456144845,-0.07487491498732922,-4.6735857928615205,-0.1460429718379831,-1.1936590145638213
0.49697158239260975,0.2936023279901285,-0.052476690985891465,-3.8106298368741225,0.1284126649802434,-4.689191439197157
-0.09587140649665025,0.6995679203329064,0.10617757897768106,7.465515076855313,0.18969024258132544,-3.8427433035122367
0.007842218764606543,0.456252147693153,0.18308756465851184,10.97958490368929,0.10022395246901121,7.230947451262694
0.16488738002000902,-0.01668946231266294,-0.009985953481296037,4.850381518450534,0.05033662815354174,10.049116176336648
0.23247465339200457,0.2931817545455711,0.15641715181505939,-0.06993360529643655,0.16214408865087598,3.7717728935164785
-0.08728598743806738,-0.1558173471690509,0.09764415077048332,-0.8022788787979214,-0.03322387709073242,-0.12102544277773658
-0.07876399280993791,-0.044045056966729945,0.06178058317149383,-0.4322645407389214,0.01108115214985858,-0.1882563735152764
0.08395148676473156,0.07049040395919057,-0.19431531442058866,-1.3922442998829407,-0.098441616163299,-0.22733388406540617
0.44903878816437304,0.15551052339807864,0.15258204191342684,0.11929199651206823,0.22200547498546147,-1.5736905946513693
0.3312916816343715,0.29210883538662097,0.4153126194984041,0.49609277904715754,0.28646941898847245,-0.011350718453998876
-0.012767646032606925,-0.034319961314454084,0.0019406678582901266,-0.31744176825866993,-0.04976736735237548,0.4711970818111921
0.1744501748609686,0.18472749947128714,0.1511378053045544,0.29878474142669503,0.16202108392922804,-0.2681753840157214
0.04606984935819959,0.048107426787575014,0.12607676000419743,0.40566609999535896,-0.04414270095356347,0.2756059849118057
0.0847170095662206,-0.19940202970626175,0.006986185049726215,-0.455783264976788,-0.1341272074487161,0.668562339178246
0.3002933710373745,-0.027329611971342163,0.36412276512725666,-0.5819390937476335,0.061662533854959414,0.11307343192683156
-0.07606332913358044,0.1564892255303491,0.28265252795320334,-3.1763968608722566,0.15457147086942657,-0.652324684513901
-0.4037930071393469,-0.03874310399515041,-0.16081677917738146,-2.62853713275105,-0.06162801000477196,-3.1508501951141414
-0.26571759158128644,-0.16730244218791682,-0.08972406675917115,1.24026550808693,-0.16882716772502557,-2.0211577110335135
-0.4773000447509134,-0.13945826544060505,-0.023970762683811847,-0.45310456138405697,-0.12840879556733914,1.2447103929597716
-0.0024331461840519236,-0.02036930238953316,-0.020965041922256247,-1.4952552423466405,-0.07101113228230456,-0.46672381014266584
0.22754043685750786,-0.05051544777212541,0.10187412063686176,0.1067363233707741,0.0038419332601313944,-1.3618573642481644
-0.25238934370600313,-0.205062652689676,0.06581882671608534,-0.7922805852450174,-0.0325382279318302,0.018881805389728445
0.15789311067747402,0.172950659660772,0.26171366026142545,-1.991127279507472,0.3166594436105129,-0.9326124808257781
0.16114152524754205,0.10048346006346709,0.18528252465386746,-1.0765016190816046,0.1414791909477825,-2.049433250195326
-0.20762296143770165,-0.21075348731370164,-0.1253080730878121,0.3234494823536811,-0.18523791397884098,-1.1772543708690928
-0.05135622528919721,0.01518336849757787,0.11777418166466742,-1.5887327627619015,0.048825427033000954,0.03373297577571116
0.04206599292447054,0.05229728221419322,-0.1463900408792681,-2.368504431161627,-0.03886157814702111,-2.0127796351079668
-0.3052670165209774,-0.39786786593370077,-0.45630625460771007,-1.892244831926972,-0.3274060245282891,-2.6742265614301006
-0.3951359330017684,-0.5498859610377739,-0.34810335677173704,-3.6666844207610474,-0.3769139252684625,-1.127210974854231
-0.12627095463648697,-0.21542223751112172,0.027598266133387492,-4.841495896976602,-0.08035792368361504,-3.410007222625406
-0.06709639633724196,0.09716916626445826,0.2086381015538245,-1.752813987929197,0.12769850407961048,-5.48614605484182
0.004511935560609234,-0.01299903822447937,0.023341547072820587,-1.8528605274647767,0.1797981062475585,-2.1744742359200626
-0.0860433883966144,0.2225585700267912,0.1453391041007196,-1.8496892543167769,0.13557241711219192,-2.2971640295990676
0.004868084066010414,0.44122100138291115,0.287489423650182,1.0204973229750933,0.08450455048888546,-1.8490864301721657
0.08127085045852207,0.3184909194520935,0.10997152318025034,2.493823533250313,0.20853263803315397,1.1822956540113547
-0.13623568348661297,-0.05977363694941845,-0.15009901970418668,1.5332649434700965,-0.06212221013797754,2.212785942158965
-0.22519181146265405,-0.4700614996567754,-0.3073436700603005,1.3605701386100015,-0.3106561902247138,1.3861412561097732
-0.29452491814735404,-0.3640108792306004,-0.3569764425504905,0.5812724836759229,-0.3331794834746543,1.185293851764938
-0.44188345072918744,0.03584382375534756,0.036806204066982026,-2.3761411856313623,-0.4890213797828285,0.4857670883271395
-0.5824669228115369,-0.5186993136381608,-0.3515423129810385,-1.830697037501622,-0.35924189484413654,-2.059125294982845
-0.15318799307512837,-1.218975793237676,-1.1634550956530714,-0.8832775029638221,-0.49549198762890007,-1.714772745896625
0.584689060648906,-0.27034264511677647,-0.3439067290690088,-0.6595234158327962,-0.12569347109882062,-1.0668522837341217
0.19321095307531105,0.20335276157869053,0.2627809115906092,0.7062871834170142,0.2812238454107569,-0.9518900899957516
-0.08070717272411836,0.484309006295441,0.5859906750362418,1.8340084561080234,0.42183167410862493,0.21947022936595967
-0.047711255825759386,0.21585146128778598,0.33033920462655225,0.5420061142196946,0.1273499448865214,1.4670795555443448
-0.19900394435997182,-0.11710800909916702,-0.06026169329732782,-0.06683921499496381,-0.26077747672665413,0.4459673819366989
-0.2264173532309363,-0.22600776109783846,-0.09091663998138881,-1.2084334329598903,-0.048358933291464,0.00162687612110185
-0.24359340461803164,-0.3942569410824068,-0.2732482766852656,-2.0915729695541967,-0.1718644188743365,-0.9687710992908922
0.3038505259580033,0.1483037136876717,-0.04487672554370868,-1.4281541649806861,-0.019405896541310627,-1.9663387800477201
0.8137564538690041,0.45735189568480755,0.29172444011138016,-0.4205718510583687,0.4642020818277854,-1.3187164464781922
0.744104140371945,0.377574773507061,0.3521158878705072,0.17965816770849885,0.3224232819137297,-0.4373989445446536
0.09631818804155158,0.07876131487071991,-0.02498241514297793,-0.9957979437713287,-0.05696520145792529,0.16340718694782042
-0.12140269629076893,-0.05792740177943345,-0.05766653906780003,-0.9851878908160807,0.12631491357052432,-1.088901250853068
0.3644896770110456,0.27768424269255265,0.07297120026617555,-1.5245388746520157,0.19729561001853135,-1.0431540664347985
-0.08263652244287883,0.24601863734114732,0.08059521810393651,-3.8242062125529364,0.027151018753688957,-1.8069723362047336
-0.77059632217692,-0.06458083859203878,-0.061275962956520394,2.503461472653103,-0.11481748367190305,-4.675860919331044
-0.7215488777707685,0.2380854667922545,0.11028955224381977,4.101059835845993,0.09138248563949238,1.57375545351044
-0.14245478060823447,0.532281668699319,0.5147821035882466,-0.5790167101646382,0.3602365566236669,3.36240939865318
0.13783591510016052,0.1364975228322719,0.11384277844855752,-0.26240364844184827,0.036171891606133336,-0.6251935401367206
-0.05295671283978538,-0.06240743175274405,-0.26008717866520525,1.854667699572487,-0.11919537664922815,-0.2343542815455965
-0.02195313866882985,0.05361583249559376,0.007516509618049769,1.008102302909787,0.03463585085889635,1.4231277534024143
-0.046714864291844446,-0.006151489217612716,0.01967128531643192,-1.4448149590155457,-0.06700835327095356,0.9136114848093102
0.002237558556630506,0.12692095666015096,-0.011226521100957496,-0.7301805609971084,0.010378371459800959,-1.593140937824471
0.03493307855501275,0.17937683749566546,0.011415587804676705,-0.7539247652889034,0.14611343358515788,-1.0758393423426769
0.10305779091658725,-0.09731917249469499,-0.05234394605291185,-0.07732695064395795,0.01769480047628748,-0.5037625018974083
-0.1453058920773455,-0.2800566269244787,-0.1403507539716613,0.3627575607129401,-0.19800127550472252,0.19295950353667862
-0.403221666752725,-0.06509052644959118,-0.030043612010231847,0.724762365381442,-0.2474707160772554,0.647171200475946
-0.645416919610632,-0.41568299607727205,-0.34060901164343543,-0.33999808210319804,-0.30977839681819086,1.0708595262815501
0.1884493667492605,-0.40547753464559805,-0.3156424040883864,-1.736551268908593,-0.11470712156343306,-0.47665033004262475
0.7287453936849285,0.2521974059909085,0.2311046221013845,-0.8174575432960853,0.16300079012991547,-1.6208430144628423
0.6241727779777735,0.6463390157561255,0.498235180201341,-1.6269737549650953,0.308237801565396,-0.5549112048654743
-0.352993973436102,-0.10730234767832453,-0.11195697223725039,0.899907707947432,-0.17042253287114956,-1.7291576830751967
-0.7603379567433525,-0.5303827442808444,-0.49027141168543104,2.8386156565984333,-0.34200503907343255,0.7600628285601454
0.08919549639000769,-0.3317068133706555,-0.2818009517312931,0.27048988644843486,0.05407005057449797,2.6441556873139915
-0.2691752475467173,-0.00993220827837396,-0.021642306318136892,2.237309544230249,-0.05439925518697336,0.12449653269002253
-0.3132434560857875,0.2821698728481936,-0.018271896165857435,4.7715444706640975,-0.23764273931978586,2.7643421434912416
0.375128186153998,0.4001970519872721,0.14088342131053505,1.8435520908311827,-0.005006452726342536,4.5030007161397565
0.800557214555084,0.7296715920977406,0.619712756647872,-1.9376830169391772,0.4679185947969294,0.8943941790644905
0.34290878794585755,0.04223494651131504,-0.07067941192072007,0.4000915117087078,0.08003710265351184,-2.129287409148179
-0.13878514106275497,-0.18939914597632845,-0.25775940543066655,0.8527258591688025,-0.15856388117409564,0.6786543408997059
-0.20706478533189793,-0.09594668705848543,-0.028636849063211497,-0.007663968946257427,0.13973197604900933,1.5062863654002236
-0.023158449119028215,0.33563133411129104,-0.010281103214979492,0.48746363312300556,0.14389698953072338,0.3379702612059186
-0.20091955938422876,0.2711751084231695,0.13241452111354646,3.720180711509996,-0.08736658778871113,0.44797601633829415
-0.204033686697919,-0.30311869043539635,0.18897598313813496,3.8974125002848474,-0.09218389389754962,5.310780007023395
0.09507235179333949,0.24417688607040006,0.44329963356741103,-0.7717505759024108,0.4018704112732994,5.491055697113709
-0.18614216995732497,0.48241844848840293,0.345822375782653,0.5221910914897587,0.5014686662054564,-0.8159124824465578
-0.21085113888584545,-0.010251694705400993,-0.09248375184300393,1.0717925810193432,-0.08696588202242307,0.6948675546425693
0.07326918859990776,-0.09427828964968499,-0.041427722256935445,-1.427246470576657,-0.23971463694308803,0.8799160339729277
-0.01118198760799756,-0.018125490880271544,-0.13028580714032595,-1.7834818580489598,-0.07090694679259836,-1.7288254055226073
0.04641929033906127,-0.22661346070767904,-0.2977410116813212,0.04884114956087027,-0.11268823243502882,-1.4729079460868615
-0.011690840762946728,-0.07395475997730899,-0.20083535673305974,-0.04374327635242281,-0.09693522831717971,0.29105052368462864
-0.4412027044449197,0.27956930194568946,-0.17343175670440503,-2.1336771513882677,-0.038464461521728305,0.036900519470905335
-0.3529771468233719,-0.42311812366318263,-0.43962721459422854,-1.5304873183084842,-0.5050263093345495,-2.30513684589558
-0.29146169710387587,-0.9651510702156196,-0.6063209794226568,-0.4095723647559695,-0.6101645587456644,-1.9060825153717185
-0.7239403325886545,-0.8786737571363024,-0.5692921691912278,0.7271745186439019,-0.4282742302656284,-0.6374954881352535
-0.8832069062822732,-0.9369829392669746,-0.6804353873946372,3.006892832195742,-0.8516722584356674,0.9125873470157604
-0.1986083319323726,0.37921221979005854,0.017582544948886683,4.157069198156047,-0.07877532037998088,3.0179900994690008
0.18805183978557827,0.657029864799348,0.3177256364227286,2.1125143621621563,0.34936841630229154,3.5789741256701615
-0.39521373212688476,0.46235900718166295,0.05676906624488666,0.6264754332053866,0.0034071363088999246,1.8544290079655688
-1.4422350091736507,-0.6859806771196115,-0.9765399539350281,0.01742272336186257,-0.838540162478112,1.1303977356241837
-0.4718789122480173,-0.7923283252973465,-0.6907721912385236,-0.788507639980721,-0.48374864190399053,0.13486105591285624
0.7892758929976218,-0.023677732566130538,0.008988984078941178,-0.21350246538478412,0.5775077924829863,-0.9837218112824824
-0.25282604217846316,-0.03776343957537048,-0.2160532686652203,-0.7119929219363261,-0.25610566495207954,0.2544514321628876
0.37210952161813293,1.6997261949628935,0.8720518908194198,-1.059342100216543,0.3169496185985135,-0.12976986131202967
1.3421510436227628,1.314710354904541,1.4552826071817488,1.5679182539799077,1.2015833992885494,-0.7487302453112996
0.6757165902147977,0.3883695601894355,0.8494890147304834,2.778782500198033,0.6188463368532252,1.9171163828543811
-0.47029016331144735,0.0034893987332615117,-0.41971198393094167,0.7634696335287414,-0.21372612849248362,3.3277319084106014
-0.37910941916811536,-0.282281330513376,-0.4569208238542492,0.5112647857473835,-0.19870782343470716,1.1033958408183508
0.20796236213367814,-0.40193215144483746,-0.2953247437686447,1.4463433079891546,0.23640463956708735,0.7505618051045608
-0.25428149884302087,0.37605540890942063,0.15326698025599828,-0.19205673543756763,0.07431894580184671,1.5637274627897964
0.17605254402619064,0.7376389106505097,0.44849473835965886,0.316674175461517,-0.006327212882493313,-0.08912681088564861
0.7732399672658551,0.36796711489757467,0.391273309137589,2.1790654011207824,0.2975888510759734,0.4232077878650367
-0.04349383913951875,0.3030505009376254,0.2645112835560203,-0.14537870515310258,0.1316429347365009,2.777717788251842
-0.4150976694083593,-0.11376292415929717,-0.3012706480470372,-0.24402854034194754,-0.0993127155816821,0.8486005703470532
-0.10126518261756783,-0.012845163374348045,-0.13537757597221484,-1.7527748406593575,-0.06911892551999262,0.418154362738038
-0.20559123706124932,0.020952030628439977,-0.006067815990603312,-2.003639811221474,-0.16023766654056187,-1.950947382649974
-0.3468340630295888,-0.08526987545040017,-0.23712195037134115,-1.183667238371959,-0.1552350507691187,-2.861430824510655
-0.3201734393473233,-0.29650614695604216,-0.4756632003950277,0.9202837498192524,-0.20583481379590268,-1.2695109980265893
0.14426873905316073,0.2809419214602068,-0.04071283078205816,-0.3576418473795979,0.07578036057298214,1.1992469191563468
-0.2915434731955852,-0.2029499757254317,-0.15154376674409165,-2.8184488534141696,-0.06545379585851267,-0.6754106175269627
-0.6480776838647757,-1.5725689585052516,-0.6928818460992197,0.09470710730065668,-0.8266482302297532,-3.413022713592209
-0.8373203244281359,-1.5367117257496816,-1.0324969696265287,0.10393940898851017,-1.1919224168809155,0.07497756584012066
-1.8686091228297823,-0.8713545056531571,-0.6616997217827816,1.0504406276498792,-1.7668884300316405,0.14412164516682868
-1.3625614099450747,-1.5823945878661023,-1.2225767142145916,-0.21163292783226775,-1.2428955161250042,1.2036480379656038
-1.5354632054458746,-2.6861601216221715,-2.7890896399395815,-3.162107720937123,-1.6560241421181192,-0.18245804336145327
-1.2828682798364428,-1.4723591511353442,-1.9799822855999807,-4.569518231665498,-1.8128939038452896,-3.770050272130053
-1.877043323334263,-2.811415500833424,-2.988882344461931,-3.1754885215320625,-2.5070562521336353,-5.398820294344302
-2.4309475708358774,-2.363847608757853,-2.9824556721664632,-1.0236501831647675,-2.7300462487520014,-3.5693607471597204
0.07473174925212768,0.7477587767560065,0.6816806774032664,-1.239983187656541,0.5664899855144837,-0.5393321665742445
0.5859911043196246,-0.560744444099277,1.4058108605674595,-0.8177204724899385,1.3569184137972903,-1.600082904801082
0.06701870997078964,1.4053687500462433,0.9303545564015998,1.3968132201234,1.0716863061226756,-1.3543292840224308
-0.45894588106318235,1.1016320418084484,-0.5366736326863113,1.1506654108055898,-0.712219902739886,1.9401381362134038
0.6419408383094775,0.4943846066318139,0.9011412518366037,-0.8284487514715393,0.5947676414378641,1.0819369972609765
0.0622844788396726,0.289243160139979,0.33381528529015353,1.4807041714004032,0.30405858721391427,-1.1772648608195064
-1.855193198466932,-2.3812226733970814,-2.2823519592448114,1.9069775155353936,-2.6587635481584764,1.1875771980522734
-1.7309172586593025,-1.074768697052809,-1.3282204150383512,-1.1057809909157914,-1.5450931574758715,2.208322135395416
-3.0465372426193325,0.7095172627927162,-2.440675345500546,-5.846585425563927,-2.3155765359506812,-0.5627770091761688
-3.5003409690589375,-3.2354645323882263,-3.158224039333446,-5.818959723300457,-3.418639907317411,-6.794015997595478
-0.18749546606172263,-1.7891022141471415,0.509616430429024,-1.407092141951076,0.6743513654572287,-6.116653849060848
-1.1626268096815673,0.2733940556276733,-0.6123486175708057,-0.2587673362247427,-0.08357404349502125,-0.8330238147949962
-8.156611853829702,-7.040500276295067,-7.92879823202518,-18.755729554327726,-7.3090233855955615,-0.3370878251152331
-4.114258107599863,-0.21776556827352195,-0.8526280479168149,-12.802446519471397,-0.22203865337787204,-18.366296164097484
0.45026102162916193,1.9780634045627385,2.2549239815846445,2.517046408661809,2.2988348493396025,-13.150316983186226
-3.4944440652541084,-4.6702860382391265,-4.225093130172645,-1.60145631524671,-4.116135954649376,1.898774548323829
-4.100891846121939,-3.0348776544120963,-3.766645702504336,-1.8396378017729804,-4.122419003680807,-1.4729919494701562
-0.4060567033339736,1.2228612443899387,-0.4095413263481163,-1.5797717663740651,0.6467317881911184,-2.0144208603641465
-2.4518606378849443,1.1006779873510837,-1.0435640609162364,2.046246256519183,0.2962372567745936,-0.5620144190681571
-3.182554969119974,-0.8907111249277608,-2.378285769761366,9.034727190092587,-2.466114814124941,2.8871245117022895
0.6369649683497546,1.1780052929301141,0.6019108619095792,8.973427002041742,-2.0425523132819468,6.976913101914936
1.1523198700043047,-1.1233120558665664,-1.3202063501857462,-0.23105260559872653,-1.2782130296694225,6.786384561083028
2.4648695762012314,-5.180129299082181,-5.2313365133751955,-3.1606045462540138,0.8744310281065489,-0.6646039889416087
-0.15172359356709852,-1.1403122274514061,-2.6041179236868564,1.9760215302596047,-2.526817349507496,-2.8364513312244832
3.291177877536276,6.14539613120815,6.382187669140448,7.326180192331579,2.1799012076438524,2.150213349668658
6.409190490087036,3.358797727698045,6.636203246521118,1.9011782121316128,5.158170481315167,6.519988631652429
3.0974641847423205,1.795709912281839,4.07359930460251,-0.31592942372419874,3.587491636810178,1.359394070637998
0.20130341994960588,0.6153872696130942,1.021216339544985,-1.7530589552487268,1.326373437649073,0.1313410214907081
-1.2129615610280517,-1.5286491024879845,-1.8852260289795382,-3.7767947469653453,-1.3611292120963245,-1.8740414999160317
-0.10470886977915882,-0.6645184886016493,-0.6031694432642933,-4.505097506407715,0.6107278547488738,-3.672684897537947
0.12371802964356617,1.4005163728621992,1.408167239393234,1.5412411045985648,1.1165551228965713,-3.7077082740493372
0.17501757867440915,1.856463200366603,1.225992609667419,4.174103226260431,0.028429584711222686,0.9837817691977482
-2.5670618408529675,-2.815198867755407,-3.3466595979166764,1.192387530920722,-3.1177247015148977,3.6141854423335977
-2.070885989000723,-1.112143035036341,-1.1233712379139114,2.5379997476506206,-1.1756212595213824,1.1789321101636876
-0.08768946668881338,0.4343110401018591,0.4579343205039536,0.7890165216557463,0.27464400273395756,3.1788248652253626
0.9250784084897564,0.43224795404174415,0.5941778346365738,0.3710342796136914,0.5172883876848723,1.5854622673099066
2.7047531309400963,2.2929086545312343,2.7006863900543387,0.25814527316117547,2.562535909807727,0.23777220656143166
1.8455026946458362,1.8850792643599945,2.064142967626089,2.80088432766469,1.945285753744357,0.14881472280258373
1.3242741995780611,0.598935841796447,0.7070301569408395,2.7013790027542948,0.5767418399622751,3.4670933071809134
1.2992118539472661,0.8510879604076169,1.6008226170841693,0.26118497439863053,1.51270289358313,3.2708730750280024
2.0689175735238905,1.192085455660171,2.3942900510563536,0.6986940225269931,2.3172260513737366,0.06350715606000229
0.6906735112674954,-0.07250152308829988,0.09535882677904901,-3.3894623878589174,0.07030104100622185,0.5919605966091888
-0.8081438191118475,-0.005717592173568875,-0.5880483753818184,-3.217923955462509,-0.384614282375256,-3.3451559680231013
-0.013671541841966048,-0.668240696342888,-0.10949411589673945,0.5881050060097015,0.39497142641170496,-3.071171599529462
-0.43832573776501205,0.3375262590011146,-0.23480347630148568,-0.2693320456109296,-0.33671465746496204,0.18986148790081053
1.2040041275989466,3.348463716006834,1.1319731019110253,-1.1048956922073105,0.9564314679902469,-0.2847013156561835
-0.6393535443747643,1.478861428759629,0.11668265965125381,-1.6645671451290502,0.317140424605272,-0.6872191893962101
-2.6482241669953615,0.10173672756484914,-1.0739649227184862,1.9278668698925652,-0.920654552745894,-1.9215925816846517
1.5731642757133584,1.0962302136787145,1.556261496685754,3.2467934576052535,1.520547134631146,1.5632161045857578
1.1434141511851603,-0.24137165900143526,0.6747570257738188,0.8112211917388692,0.385480276527092,2.976045787889141
-1.129303487177872,-0.5135563638141032,-0.4675922320282873,0.4859617149378692,-1.246845290832333,1.4041332999041107
0.12512575991617658,-0.29069851531463425,-0.625712395581787,-2.7901595432275963,-0.15921820399636105,0.6512655532457579
-0.959407140042506,-1.9434931790586167,-2.279689556499296,-2.3319150095342422,-1.400312158782341,-3.0830834342501574
-0.8813093028530296,-0.42166970534586057,-0.3431308669471607,1.527870251135278,-0.49719448631064794,-2.2302911783715405
-0.07143952946619346,0.8482027676267079,0.8061637060243023,3.7352545428402752,1.0095741791503492,1.7182145270253593
-0.32248059376963495,0.6151165278929276,0.5627775304499023,2.8292756214487254,0.5589646520527188,3.612907506689593
0.732958749167034,0.6396551359204505,0.5953507452103565,0.7598176568701176,0.5797108101586973,2.2101141106163626
1.2291939987867255,-0.27278682008193983,-0.22803334128893055,0.6704383187084675,0.3759589554163783,0.6621008961234864
0.8479679347844725,0.3714483370259816,0.6469609681939472,1.2978815734922649,0.6296182224847291,1.2451055861008467
0.35669595451290503,-0.2981974896166379,0.8784333132449073,0.6452650793637663,-0.12465180019453538,1.4236840076977986
1.9083038240891832,1.076501676550969,1.0949258812723375,6.257678828552901,0.957109695439098,0.33323463445460205
1.1707092676222797,1.4030304334113959,0.3152165364804795,5.37471692003832,0.7586064018998765,5.546963168043702
-1.9462661829132255,-1.9179491536074689,-2.0290024599722956,0.19961880035298507,-1.9735411175867283,11.721167799034522
-1.0702097575427765,-1.3577105980652124,-1.215997116870144,1.707533207960285,-0.9360879669781935,7.269592146888822
0.04106393380284058,-0.9555687676876123,-0.8546566828537843,0.009820178955924908,0.37705377433721493,1.7051858802152071
-0.4979829237744724,0.029516372038739025,-0.3021868426724758,-0.6032830729833856,-0.47063777217821756,-0.07044795922034258
-0.2686911395253875,1.863983354467559,1.0003440315579892,0.4108594210067045,0.07120001165864599,-1.1774228448102293
-0.8377627556632123,0.7397244626975243,-0.20312269141995093,1.80108307413692,-0.0069097897064884645,0.07470798825442587
-0.12831714049053922,0.8777334373747943,0.09557914086845411,4.976956197202875,0.11629392405453447,0.9473325832138975
1.7692628646902209,1.3288844122721242,1.5464365334679742,2.95448199761979,1.3088413764498066,4.027275120702458
0.3947080872097257,0.2243780807068319,0.40912376321163163,-1.992355504898085,0.23236470384226654,2.9861392421531376
-0.9610840527259413,0.01284722363590346,0.09814378279797183,-5.81001735949516,-0.662098081359641,-1.7488678389764072
0.15992897277490764,0.417752519996404,0.024936521913914336,-5.429265229466956,0.4036496504611991,-4.633212650882482
-0.2475706106344353,-1.0590865702348875,-1.7330209569470807,0.11344644841075024,-0.5704803792769584,-5.224760368242147
-1.9435052959533143,-1.703062442890602,-2.0896005316122213,3.6400215132775946,-2.0081191955573936,-0.7538764402599871
-1.682293977205113,-0.1361787388558559,-0.15538944607189104,4.963153488126729,-0.40686218795234336,0.908261304470233
-0.3549235156431504,0.43109832204658255,0.6738527394596288,0.2364664804844694,0.6625921985588852,4.247572910097612
1.2926309647425334,0.31033841331752293,0.3923349206283689,-2.003140652896092,0.45257343973506664,2.258117803731142
2.5436646799672253,0.24377781559936534,0.33339784391905164,1.6461496461719431,0.8327498225888981,-1.7075769121292121
2.45665978685124,0.739750610065959,1.4948353565414363,1.6731741425468456,1.0829728775158916,1.450362812355203
0.7092074843019686,0.579993058352164,0.8778489327063937,0.11963471859403363,-0.01774162961633359,1.5488746347825177
0.3924753556287436,0.7128396641245289,-0.04917372164631599,-1.2280276893615671,0.1983679523311465,0.32177514580088534
0.12656201575615006,0.16160168041435458,0.37125714818893707,-3.5572933036424708,0.33390810770029417,-1.6820955410234846
-0.6730644696730533,-0.561710290408276,-0.2774498530040869,-1.9432724924972455,-0.3809613456761379,-3.0976595603279873
0.4373249400299162,0.17901342817369598,0.2470653178372706,0.5187707546028817,0.12555219282192004,-1.2287739101590125
1.1359562585889997,0.11788449392229844,0.16130410162498116,-2.3107100196725385,0.3522887778518095,0.11250112943367557
1.5507387126484453,-0.05715773739807707,0.7022060574541057,-1.7931134460576055,0.561395899511684,-2.0120691092048095
0.48597728037673027,-0.4110559616343006,0.8462950588916791,0.07780784443376176,0.04118477931972202,-1.4042498897673574
0.8892866026155101,-0.15459649878822607,1.1364034067377442,1.372683474264892,0.4556087845409719,-0.0028416147957543436
1.5278336213154446,0.137640957520285,0.8288387693134358,3.653624392606755,0.5260020221725183,3.109192418023326
0.27093707056522554,0.5279659093982239,-0.3902397267190159,1.2410151113972194,0.02525397191940952,3.4669575701192143
0.40047129544142607,0.24092232678929887,-0.17378669308375838,0.7476702442681142,0.18293730978353107,-0.6759815455120486
1.3357488985040005,-0.430478433230887,-0.35180775211861687,-0.031369351603554585,0.20720297986587755,1.1346851769703001
0.7373748111524159,0.17626550832486493,0.020281026658704154,2.316743878016055,0.02584946141397705,0.3389696336714632
0.4852812728564956,0.5940217609847189,0.8208104696881957,0.4155948795954505,0.17150862646092002,1.9014451391870621
2.7082878098870795,0.31897815604952884,1.4082999460174654,-2.6507185399394144,0.9830235047138222,0.5365722005658624
2.0737798401206,-0.2579258143101722,0.9886141616381765,1.229344144035815,0.40404676079846585,-2.263161393510917
1.0416291951303907,0.49694993927140635,1.5231839605747266,-0.12579445465015493,1.0321803422640807,0.9112764628672729
0.65987453391687,0.8396586902705929,1.3123797771173686,-0.9322882017343669,0.9124274295747875,-0.28692892933907704
-0.27686271767970894,0.17580956971850986,0.28497888963763346,0.3017000077082481,-0.16050668521162487,-0.6969537403113506
0.8908010240046117,0.19969861787289073,0.9174871423634889,0.4277633839501266,0.782349308212079,0.20223624536699691
-0.16352266828730938,0.25202959840585776,-0.09264649589352196,0.006919649637900482,0.1547423399258191,0.2994883374322154
-1.1059120151868633,0.8718073293034583,-1.117687372455377,0.321905295452488,-0.765580190366279,-0.12570163880947904
-3.4786046581599783,-1.7952214550602705,-3.970711571845241,-2.5796308387201963,-3.322824612876457,0.17720010845587603
-2.828442307714592,-2.3326966230231045,-2.6778988453471713,-2.10618485429068,-2.4041278611308337,-2.489860965996367
1.0648649471838032,0.33892975514197193,0.8898891058557201,0.6421096070980756,1.0264565122231912,-2.211794453079052
0.7182311985010136,-0.620366489809049,-0.7457636909507048,-0.6780150405559234,0.5050910107131847,0.6376597494418927
-0.04718978934688432,0.33667075867976953,0.22571051103835854,-0.30821205111294525,-0.17656658310825524,-0.8687927611843023
0.7490104438075526,2.0265941101502594,2.1220970283585685,0.6207243094935083,0.6398766233254063,-0.6144376306765482
0.511880342906304,0.8401504342959338,0.5906235373668518,-0.022560644062848134,0.6581378305272593,0.5013281652413542
-0.6658800771051785,-0.031102375993540654,-0.6481628747703616,-0.8453728534863882,-0.2602710738753152,0.025746032984804768
-0.769626780586026,0.4841091586567448,0.5589677832696304,-1.2003352838193453,-0.3627308420333962,-0.7693086327755188
-0.055525942937758935,0.05379557668494045,-0.13925193669093122,-0.6009121783346538,-0.22437866810518825,-1.1495604170769282
0.610043103387115,-1.2217627731032197,-2.0157727909888066,-0.0969366641631002,0.06412163815056597,-0.49592843760228317
0.16173975036767507,0.3144171382688844,-0.1304612086748313,1.5190515672710887,0.046181495729172975,-0.2922873161500937
0.7981059318106053,1.3160734726832428,0.9909568056975597,1.5741091439496482,0.2555269197042153,1.5260288075174726
-0.5728859388396093,-0.704246546206797,-1.16005970352993,-1.9214910472266917,-1.1873534094286002,1.6623991944943755
-0.5351947559789244,-0.6692749533158977,-0.8894227360855815,-2.0846890845019512,-0.8547520243754133,-1.9171281186089697
-0.5670350857012593,-0.8648404428706526,-0.9464962315479168,-0.9935821450124964,-0.7733399795589982,-2.021898804444083
-0.7471420963384742,-0.8004255168149936,-0.7776756146910063,-1.37293724276461,-0.5889083749345232,-1.00449887291736
0.7952935961070072,-0.2955690425307386,-0.15716384429652158,-0.280260962278295,0.8264526263510613,-1.7319850933828291
0.024685377747634255,-0.042468366627075704,0.4525407515672332,0.6195603209495201,-0.10729275837141979,-0.6323321309320571
0.35524668120687275,1.425974399180149,1.4704597896399403,-0.21078577887372796,0.4591852829551108,0.7125843792566418
0.15387974744321625,1.3210524870363538,0.07033326618868037,0.024979688203192518,0.9116333290018742,-0.1937821980957441
0.6930926294074912,0.8751322698055364,0.053544677294834434,-0.2558849141644345,0.36820209233011275,0.09431441790288692
0.6910408963412628,0.20382778215181246,0.2652830329521634,-0.9480291676233095,0.04780246426991229,-0.36063681426458205
0.02647755534066322,0.1955244112704725,0.07614074749873136,-0.13097513362817303,0.1316429576785173,-1.0594735028837106
0.6200779063200902,0.11537649735814148,0.009596351796528402,-0.2536335213774485,0.4437366161533764,0.1069375715025715
0.7427894295991658,0.6789025638676289,0.5695758642473743,1.1592809614887598,0.43880004499423136,-0.040992840614826054
-0.3662302912427781,0.5183976388303275,-0.13489371440269182,0.8227985412187597,-0.34492723235154465,1.497889910074962
-0.7370133829812171,0.15671665891715253,-0.4793493592334768,0.11268832453063493,-0.2595206123104156,1.3475580433341776
0.01873527010629196,0.7757169097770791,-0.4644871658162519,-0.02770441891836506,-0.000774299517111679,0.709779243314018
0.36984710450311953,0.669865546370469,-0.05672698953851678,-0.9745964055587512,0.1311626653284158,0.09916099374911841
0.34801842484363565,0.028655884846376434,0.7632726403737042,-0.38443634939090876,0.2316123980488473,-1.1450831231855443
0.12292704452838306,0.0870745362370014,0.13302759622891763,-0.19333485345171167,-0.2211339621972967,-0.2950047761053782
-0.1820408473481936,-0.897140518299606,-0.1544798109265113,-0.1633363095071122,-0.3969037864098057,0.010283327327425262
0.4170616457126594,-1.248937357093221,0.6889058055649753,-0.3611295889660665,0.20285105571446327,-0.1454897714044283
1.5429526762909358,0.2440372183346034,1.4398686317489633,-0.45638440274940395,1.0144539820941574,-0.3868864187644327
0.5632641909779247,-0.7760841395782616,0.03682040178733721,-0.7838740776184276,0.1738303661803629,-0.2841727991876866
0.20915214181022257,-0.4233030080707361,-0.5424762396375068,-0.40643550111360366,-0.13784156177582113,-1.006018757938033
0.42612675516430054,0.6708831739498364,0.007723746424447245,-0.03499701019842272,0.1485276063790269,-0.8096288722170244
0.37684295052876116,-0.025462597851388657,0.06466346174607031,0.006252049887691291,0.2026271605675634,-0.06976400919738146
0.36622557744555667,1.104142227713719,-0.02558474320597072,-0.15302700631170768,0.19319195032191588,0.25483004471119175
0.3632011387463216,0.8173566404060795,0.15421083939964225,0.8501325577135097,0.08061365614115439,-0.3884966303076997
0.657609418425663,-0.8198858861883482,0.38589096936679074,1.7701746412099395,0.2613388803306514,0.6314637968354146
-0.29735870057130054,-1.5480310159867186,-0.4229106766720513,0.9132596799678785,-0.43860598766829506,2.2106070178080777
-1.0350634041965205,-1.7552054589241735,-1.1348086010889467,-0.11984350961947754,-1.0354800938045226,1.5330875316085475
-0.1175139572867525,-0.1623473334076359,-0.30456864573805026,0.3228808282058886,-0.14658647743213266,0.2097569114086582
0.26515833447272125,-0.21548264270831385,-0.09109971463130377,1.7317527194036995,0.18544162334091568,1.185878009617493
0.08182552200583522,0.4832402138267085,0.02824005795567526,6.477107456364685,-0.013669767428673832,2.4088006533411375
-0.15845561487451104,0.3259530878328789,-0.12196660277728726,4.9437262345203745,-0.3598474822524516,5.045316053460578
0.13303459473972745,-0.144280140655266,-0.1654459789920218,0.3229659852626441,0.1877823760757878,4.053707186101589
-0.825873446029154,1.050129419104074,-0.23222108894908572,0.726436221980227,0.32393940218030276,0.5560664403565796
-2.3614049274305646,0.8605136999778433,-0.3114994611948542,0.8218222845811021,0.08604556020575231,1.0319888162918978
-0.23535167758205955,0.3128159916017987,0.23851644493318025,2.699180207149915,0.30395400143706197,1.3082958099838675
1.089631888472837,-0.11896851596433372,-0.1426984769569517,-1.25766242103453,0.20830499273916453,3.6264919476319277
0.23891272494825955,0.5441427131802461,0.24064637446802878,-2.3116080437696356,0.21825624431184204,-0.21969708926522696
0.14910854283063757,0.7181583386522343,0.7285903663763839,0.5102421661628431,0.11097654007953255,-1.9079165637818571
0.40354322886548255,0.06773780528740908,0.8476041161616439,2.0529141657660377,0.3921165895604232,0.9865023239261892
0.36840021705190457,0.6421280460948986,0.9733193488136145,2.372178416973518,0.5329048297308101,1.728168046724614
-0.18758745232412344,0.0014687421271388779,0.428723716170834,-0.7991187176681873,0.24306914818351683,1.724652163056173
-0.13820428034424892,-0.8194292653616573,0.06189607080437144,-0.2809600973340103,-0.1255301747728691,-1.1342619087876218
0.22551712683974312,-0.2310754996427608,-0.12077227506612856,0.14274390282129523,-0.07211355930461322,-0.2840891201402673
-0.19159793062900932,-0.31902111773911634,0.49100592511996294,0.35181902977581525,0.07436372120414177,0.5605926993447732
-0.011982616700015339,-1.1666996866649577,0.46829631641775743,-1.2833431178834251,-0.4091609870364567,0.34423431478906324
1.4519619169746363,0.11607990502821891,0.2545759862984704,-1.3857311244235102,0.1914037720055597,-1.2382827664854623
0.82066881612734,1.2110103694198064,0.2948385671990034,1.4422868248633498,0.4875016728604968,-1.1565781483375122
-0.8365670353938971,-0.111787878139822,-0.21716102558735606,0.6132638358619503,-0.22091994435454648,1.9889543329939925
-0.2034057056836271,-0.12252633744133651,-0.1282520877659396,0.16488281670204086,-0.08447984759953256,1.4650419228470337
0.418091184125438,-0.06315023454190696,0.023625360648547408,0.34387663803845037,0.0019423809318767776,0.5564169831110941
0.13167560635340203,0.32858990403964006,-0.12635926902200154,1.4527482247957597,-0.008661978910745813,0.5198706614853363
0.206032453176746,0.996675181583484,-0.32693785322954155,0.2647573907773398,0.028679380711748234,1.030477573642486
0.05833204493498807,0.05624459791109554,-0.3420427035899975,-2.22681935416274,-0.2150174005577431,-0.33162061218947725
-0.5314744114980894,0.15468101127160555,-0.1706809018047235,-0.6423898118354503,-0.17225522052234815,-2.533626467112422
-1.0733475156485097,0.8624325460421105,0.3259991334727585,-0.8744297782037252,0.22001988825325136,-0.8501162511470723
-0.06727983908615935,0.2639612029112777,0.36990363020433853,-0.999768065570468,0.2041667098173084,-0.9260480105433775
0.8592290360265151,-0.03312064885280025,0.0430939780224744,0.13094085683886436,0.33321292844592093,-0.8113823036554975
0.3140613283624065,0.13049454930578952,0.4854067564251299,0.21604479673839372,0.24877288718345886,0.3493402927438792
0.18902281964155948,0.4448733551803115,0.38742422806914256,-1.4457896380588737,0.12748888069359943,0.0592176144297471
0.816739985671778,1.2764846607728344,0.045300887125103564,-1.3785245064753202,0.5796317664901145,-1.2865846063712445
-0.053514144078014594,0.8199990227435034,0.4022500845665805,-0.36199280647242027,0.4834664169804385,-1.294964042187892
-0.540230446743449,-0.054278912443935956,0.44236398592578646,0.06779697356282977,0.31031338270662007,-0.6106439800989318
0.20791917432548634,0.22080392017315348,0.11589136008214247,0.6314028818893234,0.13759245552655303,-0.19727657969904727
0.005135341367889831,0.057482583651459584,0.13267625415199347,0.5531368608759333,-0.09068126905505149,0.6486316757563286
0.11995141224867652,0.15529217642415122,-0.37142488570434856,0.5764941732562913,-0.130404311601868,0.6647272657414036
-0.4705772637523875,0.9747718031246095,-0.27689712921792453,0.9271712677450761,0.13749128440889552,0.5006126426997852
0.5639480325996706,1.073671290788796,1.0957280136823104,-1.2660587270488952,1.0345785586111325,0.8618319812189448
-0.3064223596037644,-2.2070555951708637,-0.5369397767877766,-7.62568489450838,-1.0979637630306283,-1.3389414460032678
-1.420007574195796,-3.675567112148226,-1.8430116315941185,-4.00077112964713,-2.2729106454107026,-7.702652050478697
0.1472285555856755,-0.6457065015820658,-0.32664089595295703,-0.5089448186646848,-0.27214292248781585,-4.1759509714226875
0.044619947285916686,-0.5295057522849258,-0.25512856084440505,-1.2649377869141798,-0.4345979039693419,-0.6319001632881025
-0.13394574698233458,-2.037286032759151,-0.9278169228589219,0.7968692145325997,-1.2522144828639334,-1.2463317074330726
-0.6563472373325043,-1.8979410804833756,-0.8952570176561979,-0.8956309206748303,-1.1830915385008305,0.9463507734024523
0.8150544249486152,0.5435970971561443,0.3432456531578375,-0.7825643554757948,0.39729881514120463,-0.8367210313624125
0.7754064312063853,0.4127112455000194,-0.035570926921941456,0.95491565206439,0.018042384011851584,-0.8683039010186324
-0.29779845837389296,-1.6114793979085356,-0.7259408591062355,0.5902169929796234,-0.9625533120290638,0.8572000695624125
0.151423625336007,-0.04975611437517552,0.2975024312862119,0.1988803247953035,0.21259285190084526,0.5537380467395585
-0.17554888827110576,0.746931288306343,0.4201411950993284,-0.550386761453545,0.392874201898808,0.2401821294717556
0.14031672373567028,0.21733135291664046,0.34232515279433195,0.9807044125100499,0.22866567091063755,-0.38250108578413244
-0.5998334878811384,0.7568808102867621,0.1587966884293755,2.09126720209108,0.28269867812434507,0.6749874609265705
-0.06953812256433954,-0.18564122383176035,0.0246005417612533,1.1859422215482154,-0.07994644917014194,1.365019651595768
0.5936292997464747,-1.7932191001082955,-0.2428730626286007,0.5243183851863004,-0.7615327133694519,0.744484480034308
-0.4700503055566067,-0.6939306511754224,-0.524950305538044,-0.31988862976221843,-1.0897144720290133,0.6087887559457574
-1.068212512294576,-0.019153325441490454,-0.6634564857224404,0.48235363395777664,-0.586976920138,-0.187324461302443
-1.6044721549446344,-0.5761919085264275,-1.028704847411466,-0.20093324125883458,-0.3967556592991384,0.30187008253876196
-1.7196999046804444,-0.7311515114086908,-1.1037919716427753,-3.0610106163507798,-0.7717185996680174,-0.3762200909994275
-0.5876012313968654,0.3090942492017481,-0.3420025289852528,-1.9934439459826339,0.12308647520194614,-3.0478599450585775
-0.7171854463807202,-0.8546676024256656,-0.7653448583674736,-1.3006623774824286,-0.7701425968692784,-2.0548397312949147
-0.8561680502572547,-1.2949820943599026,-0.8717651798889431,0.8762006857542151,-1.1466668862767813,-1.4683872396776696
-0.0700069363433553,1.2656251363137176,0.5858019194333268,2.1580321914870906,0.8382420492305086,0.7407356428353378
0.33906011796139024,1.0013162869225694,0.6286751875457803,-0.13937028898418302,0.7148255196855676,2.162104852623742
0.8834394283126609,0.4753731547157692,0.4062326056564694,0.15485165653884347,0.3165403020016923,0.01949376301720568
0.8153235665372663,0.9794768367108244,0.6243958822897759,-0.33519093812105705,0.6661924945386872,0.2443510919160366
0.4876057776351167,0.131982829983548,0.09831755662110438,0.16649701841708092,0.025008296353846646,-0.3583964000358574
-0.2592497282058558,-0.09171566721022756,0.2480865865453859,0.13079905815618742,0.06208558338510016,0.10501518749246203
-0.5076547176855397,0.8930204485985989,0.42790524296738836,-1.2252898145597324,0.5673642022418581,0.15159650346453302
-0.34632802418565223,-0.8886549144664955,-0.2630273207637397,-1.1228098514278309,-0.3242043142818953,-1.128468788244082
0.08458005538795031,-0.9999224220788954,-0.049237743895750606,-0.45426117364842145,-0.2613061140223333,-1.1777298802395286
0.4742422108123153,0.5967929664434883,0.4337945479242224,0.2882208439277,0.46630980065099165,-0.6349538314034875
0.3380587076335773,0.2734580888044739,0.4326822467048214,0.9407013688526655,0.45583065909443427,0.32683168716680294
-0.10983911710074067,-0.6994878811617302,-0.3533142107119931,-0.4659874095344043,-0.4915784312076367,0.8804188864368108
0.3104892538710283,-0.12934751040520065,0.2534443741877639,-0.7550061257591744,0.06119485199335671,-0.5819949019018242
0.8695424503300798,1.0232855159754548,1.0127667732506636,1.2335479476669906,1.1603768235066743,-0.7489375642590996
0.4680116947744458,0.9582204233063947,0.5155071910336655,1.6763099189993456,0.7302157545624758,0.9987716728630351
-0.02579435756256808,0.8081659066992886,0.18918449069117843,1.5104131485380559,0.3013564152325228,1.4980775762440415
-0.19421070560611434,0.7196673289436037,0.028699972697303414,1.1858172996049283,0.22145313393184846,1.6599738801574468
0.4878609685775457,1.2794478120206845,0.5000396840930624,0.9588396678666233,0.7361589599894919,1.164847735935619
-0.5885771372212689,0.5454927128381386,-0.07665450275119855,0.009939529992920804,0.06103962851692578,0.7738783481154439
-0.9775474288035725,-0.6603040222037735,-0.7532220366393155,-0.7261142091136096,-0.7564701354737012,0.002655355546491378
-1.0055826586701924,-1.0613456289916854,-0.43267617409958037,0.12211386216255243,-0.5175119522063717,-0.7283659876913771
-0.27124550898222394,-0.8860864656809777,-0.0948167531464169,-0.6471359521372471,-0.1796088790943673,-0.07037511431700466
0.3965362565366425,-0.47153864450018146,-0.1941109721822552,-0.776288600660839,-0.31278185281617177,-0.7529388284758511
-0.7581122382702711,-0.4876499952224331,-0.41236269327295366,0.5285779920345659,-0.5943811200693477,-0.9653877158077584
-0.6458022043964871,-0.7721697592196688,-0.4797800575965307,1.496007675008731,-0.7213036100011792,0.3038018056900516
0.01015418792868951,-0.3905403521721749,-0.15437236041316166,1.686800702674036,-0.21008362579451711,1.3357453240043669
-0.12239156044455106,0.028184893931606114,-0.023550032064953666,4.367672871135396,0.016614615596570834,1.331997284955132
-0.6426119575176631,-0.1943641251577193,0.06868851012270082,4.179927903708866,0.04119417697447235,3.8765077598964326
0.439302699063722,-0.2659169313559358,0.014115276208637798,0.24026742262825818,0.32326724196131384,4.114559883903363
-0.5055845940035439,-0.35561973712295075,-0.6804466849024822,0.36834707871099304,-0.4170875755433187,0.40720318727198684
-2.209260759707909,-0.7445559068724323,-1.158128254836323,0.2075320929575285,-1.0402176488711476,0.3683737552206468
-1.3791616452477193,-0.6186780076599273,-0.7121751627968975,-0.30588786213654795,-0.564424049084825,0.13060306316464787
-0.76869041393807,0.1282616172887257,-0.4863335276259801,2.2013949485960254,-0.264862997622988,-0.4291847669244087
-2.9444335549478,-1.694957199067207,-2.2226274801907784,0.6300304782598067,-2.0256419878904763,2.075367085383886
-2.104811245253237,-1.1686018146240356,-1.5508460655981167,-0.9563025145073432,-1.276994500367168,0.34481848881675276
0.07826573754715328,-0.5119357997007907,-0.11097633254696153,0.8501802889864902,-0.11907805211615304,-1.1080060397186224
0.2831506113657112,-0.8120524825036708,0.17419947958089438,1.0879530407410252,-0.14897817424129806,0.6471886955989841
1.0590156515722862,0.7051606303161613,0.9497242677876401,0.5244984143102922,0.8501837475338442,0.831234710632949
-0.10411390806160901,-0.7033523408051237,0.112213973799497,-1.0201918571584228,-0.059380296406256264,0.4323315847248765
1.171260166015586,0.0025166633880392975,0.725827340931906,0.6142997391625917,0.4378997878608963,-1.0475998370145385
2.376192424893091,2.974666870965229,1.6536381284120192,1.9509110465775616,1.8823497917849068,0.5441975063273377
1.9685449468782512,3.391588596733624,1.5845473129718293,5.5915767603403514,1.9653949954782466,1.4872321859595177
1.3459860022293857,1.1786986641931851,0.7645351283021913,4.889394451024912,0.8486568520541805,5.004724618948631
0.39140684537546566,-0.8216278501245198,0.1799891134993929,-2.5782414840063232,-0.10401783828969209,4.957008692704767
1.2680039461531964,-1.0552855948306015,1.032389049531126,-0.3565774325551634,0.2544103879116486,-2.3298729169420125
1.3124816190379598,-0.5396868969676489,0.969227282395021,1.519493488292494,0.45295670843778485,-0.3783352496792532
1.0244845369201347,-1.1555346820287635,0.7476250126018747,-0.7923957891813895,0.03892451110602084,1.440732940023977
0.40559420731871854,0.1491261622499791,0.3685294976128992,1.025334561220598,0.20263593907183275,-0.9435119337037716
-0.9562255198132213,0.7272045438725636,-0.6421041015085998,2.9914525650324064,-0.22630093748615127,0.9081711793721834
-0.09916589518309382,0.054821736972741564,0.09242744957969427,1.776733146944511,0.07162305613518825,2.734086179025477
0.5662895187921236,0.23117836859740953,0.6721393438958834,-0.8193560491136243,0.5333260486519659,1.7161646494154963
-0.07705641764133685,-0.06268422955380143,0.2199849923197748,-1.2969633648011039,0.0707577281865434,-0.5933159488896487
0.07750944159854363,0.2532127602124241,0.6506718893728123,1.8513105305946562,0.5083754204548032,-1.2073042249831807
0.021394579170098793,-0.0579910233117949,0.1391786374395278,4.981178678679236,0.05083069118800525,1.79994763716826
0.08514371094444133,-0.5982855847816639,-0.8805551740666936,3.0473352566585294,-0.9277548605468894,4.868134974760113
-0.12353103354012385,-0.09424966205684289,-0.5493336370357337,0.30444128519110536,-0.49083645142748783,2.9039364776625085
-0.26750280135388943,-0.10810161715308791,-0.3881177050177173,2.1119246824505176,-0.2522731181112328,0.236800894234849
0.05247880143989912,-0.3036265671632719,-0.06314483405281728,2.1313469207284825,-0.14431527497705438,2.1360430026538024
0.1940855561087747,0.1165827250051456,0.5406536785584123,-0.8556886194101676,0.34090728607166165,3.0635029221841474
-0.2989947997505868,-0.3326310248843914,0.07288286405708723,-0.927862046532811,-0.13281752428392385,0.06986945449883258
0.7432189602543575,0.30402290631601714,0.6262767020073061,1.8261847839635037,0.5296714692881301,0.07484446984887755
0.8689918470820179,0.88517625103178,0.3972599675692936,0.860000082858406,0.6188953997846551,3.1348851705165024
-0.1767311645348063,-0.017034145873509432,-0.37692438914672594,-5.385255610342384,-0.20086600797993387,0.9303055542015373
0.3851482285296137,-0.08494447639618047,-0.14532285921386295,-4.5261521748370255,0.009912600294954624,-5.876935924932742
0.18758023124831819,0.5827056286455756,-0.18136224474322826,1.4750626453420546,0.01520658352144992,-4.64684026091422
-0.1032675980551188,0.5875614952152115,-0.1810148961076078,2.8965068701360366,-0.07998513321510863,1.7987384331703047
-0.40728677777415534,-0.1775737037889964,-0.31226565724686933,5.100561813627657,-0.33320023095989937,2.7124684064740228
0.4376506618848748,0.2835082890012527,0.03445646319019263,1.7058925692852471,0.19399314735202672,4.802571989778624
0.7752112243022248,0.5739017177720005,0.31839014955276257,-1.2194326735357028,0.5431506023376401,1.7699818443626985
-0.1970053000687828,-0.10751076157343514,0.13020944822189906,1.513059337869552,-0.0516166122113358,-1.292920781222732
-0.05614201831084328,0.140431808322583,0.467181814861996,-1.462779275523488,0.3006387943368567,1.2953494473408633
-0.01961511029588392,0.08498109236650109,0.143819306781026,-0.883796438656318,0.1627819587159502,-1.8606850618214619
-0.11760841646111483,-0.08146395389369543,-0.27686223811858257,1.5317498777352236,-0.2470489676778313,-1.2540324624162418
-0.05966595770779183,0.15485268406154856,-0.10158697890086964,-0.08012761624379339,-0.03746496025115627,1.5446187399886235
-0.14395724947692795,0.23005928757463356,0.06273023944774793,-2.84630651014895,0.06990961872184724,0.10339112975715842
-0.20536945582636934,-1.053151810625353,-0.07364905787415649,-1.8143372208520432,-0.36806977836646576,-2.9297382942451318
0.25086099302464865,-1.0763810272867564,-0.34977345853515346,-0.32506324667631836,-0.5716825746328977,-1.9237201433237268
-0.5478789889914346,-0.14322819513610846,-0.13412442672971286,-1.5244778203426634,-0.23747235836483077,-0.2605125679254416
-0.39990737679736854,-0.008673195700740988,-0.05346796372774885,1.3161358228441868,-0.1035974895385568,-1.7120491594144016
0.7396167827238984,0.337704635268631,-0.09670809237499851,2.7809900798728915,-0.016967144898328054,0.6515712473309883
-0.09777755378000062,-0.065856608360705,-0.3565644399222146,0.9913146249614762,-0.39700449899487406,2.381826718710303
0.3577095784309223,0.26792939635916496,0.21423492131076954,0.5333780384119207,0.2256774835997457,0.9198544320195303
1.4270770443405614,0.686891095174794,0.41205351098761006,5.136964061374951,0.6247351252990051,0.12818758680768
1.3871031103571512,0.4825245809551075,0.06499935434326261,8.200829864077456,0.2665553965176412,5.0984815655419276
0.27656768796662146,0.3835958922340749,0.2502315237066216,4.054568503391851,0.002359713283401163,8.256257076961292
-0.7502383768998745,-0.21613221426084211,-0.19886723405961337,2.129483512474046,-0.3471899975701748,3.808469392297488
-0.6863998012886404,-0.4873703318731681,-0.4618180911991454,0.5775814926835161,-0.2520694292572363,2.0513984526713225
-0.7750227207643444,-0.34332190101781657,-0.2668155722304638,-2.4398389078263545,-0.2438651053255268,0.5332917063370974
-0.5959096283053719,-0.16014973633375257,-0.45331026925567836,0.531123024525641,-0.2670843945166268,-2.6444317657567376
0.6385610799651481,-0.27450587571716906,-0.21410813371758797,0.8282030768505162,-0.1763311746940407,-0.21592609056203743
0.43110525841727754,-0.2521336337392136,0.11308663368256124,-0.25645408094245403,0.10415291939428233,-0.5301851024383175
-0.19909418277678548,0.1297579805996099,0.012440475179090763,2.8389626621905757,0.06434165254715087,-0.6377184742344428
0.5391636618815195,0.259256896027118,0.19461609978726108,5.367567029177196,0.048442816427186855,2.8959439159691422
0.7054212801023529,0.2696706106646545,0.23229712069835307,3.0993784551527392,0.23122975421800468,4.764939336571472
0.6289834688466881,0.03250469915587173,0.09309690898921687,1.053046283347869,0.16653352586574371,3.2464801489891806
-0.0010422159720723662,-0.09653733091869932,-0.15841230063076764,1.8771386418377414,-0.12510172909895478,0.6921250991771961
-0.38133533903317496,-0.11376212071077735,-0.08901247422589995,3.0325318913322663,-0.1542587589095718,1.0825789117479172
-0.6560983592674149,0.025607289214231194,0.3432912803630991,2.798728187842668,0.27905253474656366,2.648348488710852
