"","Date","Open","High","Low","Close","Adj.Close","Volume","returns"
"1",2019-01-02,2476.959961,2519.48999,2467.469971,2510.030029,2510.030029,3733160000,0
"2",2019-01-03,2491.919922,2493.139893,2443.959961,2447.889893,2447.889893,3822860000,-2.47567301116141
"3",2019-01-04,2474.330078,2538.070068,2474.330078,2531.939941,2531.939941,4213410000,3.43357142984045
"4",2019-01-05,2506.14636357471,2541.77827526437,2491.63359275862,2526.30177728736,2526.30177728736,4037392758.62069,-0.222681573971951
"5",2019-01-06,2530.93743349308,2559.7800480554,2516.94543111357,2546.47453547645,2546.47453547645,4040246121.88366,0.798509440576749
"6",2019-01-07,2535.610107,2566.159912,2524.560059,2549.689941,2549.689941,4104710000,0.126268905451431
"7",2019-01-08,2568.110107,2579.820068,2547.560059,2574.409912,2574.409912,4083030000,0.969528514133946
"8",2019-01-09,2580,2595.320068,2568.889893,2584.959961,2584.959961,4052480000,0.409804551746923
"9",2019-01-10,2573.51001,2597.820068,2562.02002,2596.639893,2596.639893,3704500000,0.451841892184728
"10",2019-01-11,2588.110107,2596.27002,2577.399902,2596.26001,2596.26001,3434490000,-0.0146297914094345
"11",2019-01-12,2583.29778607507,2598.35744478284,2573.68963643432,2594.6105650429,2594.6105650429,3660982332.43968,-0.0635315781451568
"12",2019-01-13,2586.86941639785,2602.52413834409,2579.21029175269,2597.57003947312,2597.57003947312,3671622688.17204,0.114062374912691
"13",2019-01-14,2580.310059,2589.320068,2570.409912,2582.610107,2582.610107,3664450000,-0.57592027340111
"14",2019-01-15,2585.100098,2613.080078,2585.100098,2610.300049,2610.300049,3572330000,1.07216888546003
"15",2019-01-16,2614.75,2625.76001,2612.679932,2616.100098,2616.100098,3863770000,0.222198555381475
"16",2019-01-17,2609.280029,2645.060059,2606.360107,2635.959961,2635.959961,3772270000,0.759140027370624
"17",2019-01-18,2651.27002,2675.469971,2647.580078,2670.709961,2670.709961,3986730000,1.31830530486574
"18",2019-01-19,2633.36243678641,2654.55905064078,2624.62504260841,2645.82244026537,2645.82244026537,3839559126.21359,-0.931869094662344
"19",2019-01-20,2640.15463676327,2655.23134678776,2623.04340125306,2642.97878461224,2642.97878461224,3782983714.28571,-0.107477191585168
"20",2019-01-21,2646.87290840984,2655.72186303607,2621.31595089508,2639.93346391475,2639.93346391475,3723888655.7377,-0.115223047389597
"21",2019-01-22,2657.879883,2657.879883,2617.27002,2632.899902,2632.899902,3908030000,-0.266429514641024
"22",2019-01-23,2643.47998,2653.189941,2612.860107,2638.699951,2638.699951,3335610000,0.220291283979088
"23",2019-01-24,2638.840088,2647.199951,2627.01001,2642.330078,2642.330078,3433250000,0.137572557221755
"24",2019-01-25,2657.439941,2672.379883,2657.330078,2664.76001,2664.76001,3814080000,0.848869419712218
"25",2019-01-26,2650.60948595069,2661.04702021644,2638.70115053699,2653.35901658356,2653.35901658356,3673431369.86301,-0.42784315937099
"26",2019-01-27,2650.71978683469,2660.07590139295,2636.91958857453,2653.63340812195,2653.63340812195,3688872411.92412,0.0103412895381049
"27",2019-01-28,2644.969971,2644.969971,2624.060059,2643.850098,2643.850098,3612810000,-0.368676023297264
"28",2019-01-29,2644.889893,2650.929932,2631.050049,2640,2640,3504200000,-0.145624670737285
"29",2019-01-30,2653.620117,2690.439941,2648.340088,2681.050049,2681.050049,3867810000,1.55492609848485
"30",2019-01-31,2685.48999,2708.949951,2678.649902,2704.100098,2704.100098,4917650000,0.859739601228158
"31",2019-02-01,2702.320068,2716.659912,2696.879883,2706.530029,2706.530029,3759270000,0.0898609856120838
"32",2019-02-02,2696.01161776139,2712.83968648525,2688.54818405898,2706.51790858445,2706.51790858445,3861344879.35657,-0.000447821210904492
"33",2019-02-03,2706.10973746381,2721.15475284987,2697.96380953083,2716.94011080161,2716.94011080161,3671081635.38874,0.385077895996962
"34",2019-02-04,2706.48999,2724.98999,2698.75,2724.870117,2724.870117,3359840000,0.291872690416118
"35",2019-02-05,2728.340088,2738.97998,2724.030029,2737.699951,2737.699951,3560430000,0.470842038303293
"36",2019-02-06,2735.050049,2738.080078,2724.149902,2731.610107,2731.610107,3472690000,-0.222443807173816
"37",2019-02-07,2717.530029,2719.320068,2687.26001,2706.050049,2706.050049,4099490000,-0.935713992802269
"38",2019-02-08,2692.360107,2708.070068,2681.830078,2707.879883,2707.879883,3622330000,0.0676201092687225
"39",2019-02-09,2712.55811370509,2723.54154623056,2700.63810102681,2718.20730551475,2718.20730551475,3663277935.65684,0.381384070230755
"40",2019-02-10,2718.03022853763,2729.73454552688,2709.33605288172,2723.53581250538,2723.53581250538,3612341075.26882,0.196030191656848
"41",2019-02-11,2712.399902,2718.050049,2703.790039,2709.800049,2709.800049,3361970000,-0.504335703694706
"42",2019-02-12,2722.610107,2748.189941,2722.610107,2744.72998,2744.72998,3827770000,1.28902245067456
"43",2019-02-13,2750.300049,2761.850098,2748.629883,2753.030029,2753.030029,3670770000,0.302399473189707
"44",2019-02-14,2743.5,2757.899902,2731.22998,2745.72998,2745.72998,3836700000,-0.265164161781831
"45",2019-02-15,2760.23999,2775.659912,2760.23999,2775.600098,2775.600098,3641370000,1.08787529063582
"46",2019-02-16,2755.02913476699,2769.75681607767,2751.16695407767,2764.65919234628,2764.65919234628,3681249352.75081,-0.394181628023618
"47",2019-02-17,2762.36617692245,2776.65308007347,2758.22854642449,2771.01172577551,2771.01172577551,3655912244.89796,0.22977636617266
"48",2019-02-18,2769.59942913771,2783.44131333443,2765.17442927541,2777.27447978361,2777.27447978361,3629855803.27869,0.22600965379688
"49",2019-02-19,2769.280029,2787.330078,2767.290039,2779.76001,2779.76001,3533710000,0.0894953032005461
"50",2019-02-20,2779.050049,2789.879883,2774.060059,2784.699951,2784.699951,3835450000,0.177711060747294
"51",2019-02-21,2780.23999,2781.580078,2764.550049,2774.879883,2774.879883,3559710000,-0.352643666204452
"52",2019-02-22,2780.669922,2794.199951,2779.110107,2792.669922,2792.669922,3427810000,0.641110237203013
"53",2019-02-23,2785.72910091507,2795.63040909589,2779.22787809863,2788.87896641644,2788.87896641644,3619114986.30137,-0.135746639933975
"54",2019-02-24,2791.94402897832,2801.48380586179,2784.62802690515,2791.76781481572,2791.76781481572,3712218672.08672,0.103584574091131
"55",2019-02-25,2804.350098,2813.48999,2794.98999,2796.110107,2796.110107,3804380000,0.155539159139161
"56",2019-02-26,2792.360107,2803.120117,2789.469971,2793.899902,2793.899902,3645680000,-0.0790457069078453
"57",2019-02-27,2787.5,2795.76001,2775.129883,2792.379883,2792.379883,3767130000,-0.0544049197650907
"58",2019-02-28,2788.110107,2793.72998,2782.51001,2784.48999,2784.48999,4396930000,-0.28255084661058
"59",2019-03-01,2798.219971,2808.02002,2787.379883,2803.689941,2803.689941,3972280000,0.689532053228895
"60",2019-03-02,2796.09909097587,2802.59215501072,2779.42650070509,2792.5344151689,2792.5344151689,3951003136.72922,-0.397887286606332
"61",2019-03-03,2798.09797234048,2802.56885428418,2773.86130658177,2788.65408282306,2788.65408282306,3875569946.3807,-0.138953787812477
"62",2019-03-04,2814.370117,2816.879883,2767.659912,2792.810059,2792.810059,3919810000,0.149031613585301
"63",2019-03-05,2794.409912,2796.439941,2782.969971,2789.649902,2789.649902,3585690000,-0.113153309148827
"64",2019-03-06,2790.27002,2790.27002,2768.689941,2771.449951,2771.449951,3786600000,-0.652409859278466
"65",2019-03-07,2766.530029,2767.25,2739.090088,2748.929932,2748.929932,3904860000,-0.812571736750084
"66",2019-03-08,2730.790039,2744.129883,2722.27002,2743.070068,2743.070068,3423130000,-0.213168910992818
"67",2019-03-09,2759.98937355228,2773.27711994638,2748.78367703753,2765.96186036729,2765.96186036729,3654169222.52011,0.834531812888875
"68",2019-03-10,2765.43815632976,2784.73213317962,2759.54703911528,2779.01197147721,2779.01197147721,3685413592.4933,0.471810956503424
"69",2019-03-11,2747.610107,2784,2747.610107,2783.300049,2783.300049,3749030000,0.154302232836703
"70",2019-03-12,2787.340088,2798.320068,2786.72998,2791.52002,2791.52002,3414230000,0.295331831110099
"71",2019-03-13,2799.780029,2821.23999,2799.780029,2810.919922,2810.919922,3766150000,0.694958368953417
"72",2019-03-14,2810.379883,2815,2803.459961,2808.47998,2808.47998,3469730000,-0.0868022593209958
"73",2019-03-15,2810.790039,2830.72998,2810.790039,2822.47998,2822.47998,5962730000,0.498490290110596
"74",2019-03-16,2813.23367066756,2828.60536382574,2809.05670734584,2819.90171965684,2819.90171965684,4404025764.07507,-0.0913473385615666
"75",2019-03-17,2821.13047508311,2835.74738438338,2814.61302337802,2826.02796587399,2826.02796587399,4011501930.29491,0.217250345090151
"76",2019-03-18,2822.610107,2835.409912,2821.98999,2832.939941,2832.939941,3552190000,0.244582686706281
"77",2019-03-19,2840.76001,2852.419922,2823.27002,2832.570068,2832.570068,3620220000,-0.0130561539497211
"78",2019-03-20,2831.340088,2843.540039,2812.429932,2824.22998,2824.22998,3771200000,-0.294435364343472
"79",2019-03-21,2819.719971,2860.310059,2817.379883,2854.879883,2854.879883,3546800000,1.08524812841198
"80",2019-03-22,2844.52002,2846.159912,2800.469971,2800.709961,2800.709961,4237200000,-1.89745012820212
"81",2019-03-23,2825.36437327346,2839.16216830027,2803.13355892493,2816.13531926005,2816.13531926005,3745707050.93834,0.550766001294382
"82",2019-03-24,2815.42634172386,2828.94780102413,2797.82033369169,2811.56674773458,2811.56674773458,3542381769.437,-0.162228409061996
"83",2019-03-25,2796.01001,2809.790039,2785.02002,2798.360107,2798.360107,3376580000,-0.469725314016674
"84",2019-03-26,2812.659912,2829.870117,2803.98999,2818.459961,2818.459961,3266050000,0.71827260364815
"85",2019-03-27,2819.719971,2825.560059,2787.719971,2805.370117,2805.370117,3372930000,-0.464432497928967
"86",2019-03-28,2809.399902,2819.709961,2798.77002,2815.439941,2815.439941,3158170000,0.358948145165551
"87",2019-03-29,2828.27002,2836.030029,2819.22998,2834.399902,2834.399902,3740700000,0.673428004053453
"88",2019-03-30,2833.53444294906,2844.11580692761,2823.69527649062,2838.81622267292,2838.81622267292,3468726219.83914,0.155811488343844
"89",2019-03-31,2846.87228770241,2859.09612376139,2839.8280956059,2854.3783129437,2854.3783129437,3431758364.61126,0.548189422988581
"90",2019-04-01,2848.629883,2869.399902,2848.629883,2867.189941,2867.189941,3500760000,0.448841276512077
"91",2019-04-02,2868.23999,2872.899902,2858.75,2867.23999,2867.23999,3246900000,0.00174557671552408
"92",2019-04-03,2876.090088,2885.25,2865.169922,2873.399902,2873.399902,3550240000,0.214837684375352
"93",2019-04-04,2873.98999,2881.280029,2867.139893,2879.389893,2879.389893,3015180000,0.208463534638205
"94",2019-04-05,2884.159912,2893.23999,2882.98999,2892.73999,2892.73999,3146820000,0.463643254164885
"95",2019-04-06,2881.29914614477,2888.92252086059,2875.5639176622,2886.13262006971,2886.13262006971,3142206380.69705,-0.228412161242832
"96",2019-04-07,2884.62616173727,2891.13775674531,2877.55356551206,2888.25998040215,2888.25998040215,3098391233.24397,0.0737097220566545
"97",2019-04-08,2888.459961,2895.949951,2880.780029,2895.77002,2895.77002,3054030000,0.260019515168752
"98",2019-04-09,2886.580078,2886.879883,2873.330078,2878.199951,2878.199951,3007980000,-0.606749461409227
"99",2019-04-10,2881.370117,2889.709961,2879.129883,2888.209961,2888.209961,3062380000,0.347787164561729
"100",2019-04-11,2891.919922,2893.419922,2881.98999,2888.320068,2888.320068,2938540000,0.00381229209395317
"101",2019-04-12,2900.860107,2910.540039,2898.370117,2907.409912,2907.409912,3688490000,0.660932429598037
"102",2019-04-13,2899.71235518699,2904.96792372358,2891.95999448781,2900.17413965854,2900.17413965854,3322795718.15718,-0.248873483976203
"103",2019-04-14,2904.88635138904,2908.64318631781,2894.55130943014,2902.71084447945,2902.71084447945,3295352082.19178,0.0874673277796553
"104",2019-04-15,2908.320068,2909.600098,2896.47998,2905.580078,2905.580078,3088330000,0.0988466876059909
"105",2019-04-16,2912.26001,2916.060059,2900.709961,2907.060059,2907.060059,3402210000,0.0509358186754457
"106",2019-04-17,2916.040039,2918,2895.449951,2900.449951,2900.449951,3602300000,-0.227381198387544
"107",2019-04-18,2904.810059,2908.399902,2891.899902,2905.030029,2905.030029,3506850000,0.157909223650657
"108",2019-04-19,2908.92364733771,2914.1025998623,2896.49730307541,2907.17160997377,2907.17160997377,3442321967.21311,0.0737197534067379
"109",2019-04-20,2909.00190827347,2917.31452892653,2899.78240986531,2911.81243528163,2911.81243528163,3372701428.57143,0.15963368973268
"110",2019-04-21,2909.13924377346,2920.52273764401,2903.09774638835,2916.42530973786,2916.42530973786,3301244336.56958,0.158419354225536
"111",2019-04-22,2898.780029,2909.51001,2896.350098,2907.969971,2907.969971,2997950000,-0.289921319419101
"112",2019-04-23,2909.98999,2936.310059,2908.530029,2933.679932,2933.679932,3635030000,0.884120580899906
"113",2019-04-24,2934,2936.830078,2926.050049,2927.25,2927.25,3448960000,-0.219176329696487
"114",2019-04-25,2928.98999,2933.100098,2912.840088,2926.169922,2926.169922,3425280000,-0.0368973610043542
"115",2019-04-26,2925.810059,2939.879883,2917.560059,2939.879883,2939.879883,3248500000,0.468529216192252
"116",2019-04-27,2930.41432510753,2940.54266974194,2920.95394422581,2935.42210343011,2935.42210343011,3372243010.75269,-0.151631350507541
"117",2019-04-28,2934.96369248525,2944.53917997855,2925.66337926273,2937.54773955764,2937.54773955764,3407038176.9437,0.0724133038669225
"118",2019-04-29,2940.580078,2949.52002,2939.350098,2943.030029,2943.030029,3118780000,0.186628096916793
"119",2019-04-30,2937.139893,2948.219971,2924.110107,2945.830078,2945.830078,3919330000,0.0951417067583018
"120",2019-05-01,2952.330078,2954.129883,2923.360107,2923.72998,2923.72998,3645850000,-0.750216319843004
"121",2019-05-02,2922.159912,2931.679932,2900.5,2917.52002,2917.52002,3778890000,-0.212398547146277
"122",2019-05-03,2929.209961,2947.850098,2929.209961,2945.639893,2945.639893,3338120000,0.963827936303248
"123",2019-05-04,2921.35967220107,2936.56259701609,2907.21287098928,2926.19224168097,2926.19224168097,3484905147.45308,-0.66021822169268
"124",2019-05-05,2911.25216919303,2928.30531188472,2893.0795447185,2916.54536195442,2916.54536195442,3450278042.89544,-0.329673477672793
"125",2019-05-06,2908.889893,2937.320068,2898.209961,2932.469971,2932.469971,3181520000,0.546009304477421
"126",2019-05-07,2913.030029,2913.030029,2862.600098,2884.050049,2884.050049,3767100000,-1.6511651433378
"127",2019-05-08,2879.610107,2897.959961,2873.280029,2879.419922,2879.419922,3485790000,-0.160542532942704
"128",2019-05-09,2859.840088,2875.969971,2836.399902,2870.719971,2870.719971,3638820000,-0.30214248826747
"129",2019-05-10,2863.100098,2891.310059,2825.389893,2881.399902,2881.399902,3529600000,0.372029703624482
"130",2019-05-11,2857.60265428686,2877.77697338874,2830.77992795979,2863.16822589008,2863.16822589008,3567235603.21716,-0.632736750537989
"131",2019-05-12,2845.72264961126,2864.05494336461,2821.89566501609,2845.6717190992,2845.6717190992,3578696809.65147,-0.611089024831784
"132",2019-05-13,2840.189941,2840.189941,2801.429932,2811.870117,2811.870117,3894030000,-1.18782507034562
"133",2019-05-14,2820.120117,2852.540039,2820.120117,2834.409912,2834.409912,3322720000,0.801594457145409
"134",2019-05-15,2820.379883,2858.679932,2815.080078,2850.959961,2850.959961,3125950000,0.583897513550607
"135",2019-05-16,2855.800049,2892.149902,2855.800049,2876.320068,2876.320068,3338060000,0.889528697242899
"136",2019-05-17,2858.600098,2885.47998,2854.22998,2859.530029,2859.530029,3257950000,-0.58373333297621
"137",2019-05-18,2848.69627479357,2872.72928117694,2842.96943384719,2855.43884414477,2855.43884414477,3286275710.45576,-0.143071931881705
"138",2019-05-19,2847.44570106452,2865.20161269892,2840.35368619355,2851.13905487097,2851.13905487097,3284954516.12903,-0.150582432631041
"139",2019-05-20,2841.939941,2853.860107,2831.290039,2840.22998,2840.22998,3288870000,-0.382621635108604
"140",2019-05-21,2854.02002,2868.879883,2854.02002,2864.360107,2864.360107,3218700000,0.849583560835447
"141",2019-05-22,2856.060059,2865.469971,2851.110107,2856.27002,2856.27002,3192510000,-0.282439592013213
"142",2019-05-23,2836.699951,2836.699951,2805.48999,2822.23999,2822.23999,3891980000,-1.19141501894838
"143",2019-05-24,2832.409912,2841.360107,2820.189941,2826.060059,2826.060059,2887390000,0.135355923434416
"144",2019-05-25,2832.7336812233,2840.10708511327,2815.73977114563,2824.25481268932,2824.25481268932,3349842686.08414,-0.0638785543474414
"145",2019-05-26,2823.78450540816,2831.31410524082,2804.15826477959,2812.03236930204,2812.03236930204,3549657183.67347,-0.432767019900759
"146",2019-05-27,2814.75008865902,2822.60732818361,2792.57643520328,2799.88742344262,2799.88742344262,3751344622.95082,-0.431892107359787
"147",2019-05-28,2830.030029,2840.51001,2801.580078,2802.389893,2802.389893,4121410000,0.0893775062677375
"148",2019-05-29,2790.25,2792.030029,2766.060059,2783.02002,2783.02002,3700050000,-0.691191223904407
"149",2019-05-30,2786.939941,2799,2776.73999,2788.860107,2788.860107,3273790000,0.209847107028718
"150",2019-05-31,2766.149902,2768.97998,2750.52002,2752.060059,2752.060059,3981020000,-1.31953725135343
"151",2019-06-01,2776.61269710685,2787.3239556137,2761.07242240274,2773.37202628767,2773.37202628767,3773961178.08219,0.774400515641941
"152",2019-06-02,2774.11529248239,2789.78509379946,2759.22035473713,2777.31102726287,2777.31102726287,3786640027.10027,0.142029303600988
"153",2019-06-03,2751.530029,2763.070068,2728.810059,2744.449951,2744.449951,3943810000,-1.18319755836848
"154",2019-06-04,2762.639893,2804.48999,2762.639893,2803.27002,2803.27002,3810430000,2.14323708029609
"155",2019-06-05,2818.090088,2827.280029,2800.919922,2826.149902,2826.149902,3548830000,0.816185449020718
"156",2019-06-06,2828.51001,2852.100098,2822.449951,2843.48999,2843.48999,3396410000,0.613558678813489
"157",2019-06-07,2852.870117,2884.969971,2852.870117,2873.340088,2873.340088,3220250000,1.04976975846502
"158",2019-06-08,2851.76989908311,2874.07653986059,2846.03680694906,2862.2517580134,2862.2517580134,3333393941.01877,-0.385903848726571
"159",2019-06-09,2871.04485116354,2888.82177744772,2864.15610143968,2874.26796289008,2874.26796289008,3292484557.64075,0.419816490392046
"160",2019-06-10,2885.830078,2904.77002,2885.51001,2886.72998,2886.72998,3209210000,0.433571861455412
"161",2019-06-11,2903.27002,2910.610107,2878.530029,2885.719971,2885.719971,3548420000,-0.034987997041555
"162",2019-06-12,2882.72998,2888.570068,2874.679932,2879.840088,2879.840088,3034130000,-0.203757920348816
"163",2019-06-13,2886.23999,2895.23999,2881.98999,2891.639893,2891.639893,3069810000,0.409738202102564
"164",2019-06-14,2886.820068,2894.449951,2879.620117,2886.97998,2886.97998,2922330000,-0.161151221190458
"165",2019-06-15,2892.67206072118,2902.28302829759,2886.34199316086,2893.98789961394,2893.98789961394,3075050750.67024,0.242742231068083
"166",2019-06-16,2898.52832287936,2909.51057208043,2893.28648165416,2901.03403179088,2901.03403179088,3124889142.09115,0.24347483200892
"167",2019-06-17,2889.75,2897.27002,2887.300049,2889.669922,2889.669922,2810140000,-0.391726179918994
"168",2019-06-18,2906.709961,2930.790039,2905.439941,2917.75,2917.75,3437620000,0.971739982695503
"169",2019-06-19,2920.550049,2931.73999,2911.429932,2926.459961,2926.459961,3287890000,0.298516356781768
"170",2019-06-20,2949.600098,2958.060059,2931.5,2954.179932,2954.179932,3905940000,0.947218529192786
"171",2019-06-21,2952.709961,2964.149902,2946.870117,2950.459961,2950.459961,5000120000,-0.125922289285932
"172",2019-06-22,2943.03769001609,2951.85854963807,2932.57457480161,2940.23295220375,2940.23295220375,4003075630.02681,-0.346624218983834
"173",2019-06-23,2943.69309166756,2950.01404964075,2931.75269213673,2936.57493106166,2936.57493106166,3686129946.3807,-0.124412629936305
"174",2019-06-24,2951.419922,2954.919922,2944.050049,2945.350098,2945.350098,3136250000,0.298823191791156
"175",2019-06-25,2945.780029,2946.52002,2916.01001,2917.379883,2917.379883,3578050000,-0.949639739567552
"176",2019-06-26,2926.070068,2932.590088,2912.98999,2913.780029,2913.780029,3478130000,-0.123393392165927
"177",2019-06-27,2919.659912,2929.300049,2918.570068,2924.919922,2924.919922,3122920000,0.382317569930741
"178",2019-06-28,2932.939941,2943.97998,2929.050049,2941.76001,2941.76001,5420700000,0.575745266505793
"179",2019-06-29,2943.09855230959,2952.15109291507,2934.59933118082,2944.98811544384,2944.98811544384,4002685150.68493,0.109733813528735
"180",2019-06-30,2956.74327741176,2965.61891709244,2945.76236787675,2958.2166949888,2958.2166949888,3596166134.45378,0.449189573145888
"181",2019-07-01,2971.409912,2977.929932,2952.219971,2964.330078,2964.330078,3513270000,0.206657714479147
"182",2019-07-02,2964.659912,2973.209961,2955.919922,2973.01001,2973.01001,3206840000,0.292812600877978
"183",2019-07-03,2978.080078,2995.840088,2977.959961,2995.820068,2995.820068,1963720000,0.767237847275194
"184",2019-07-04,2976.56162104872,2988.2757430359,2967.54407004359,2985.48053560256,2985.48053560256,2575907307.69231,-0.345131955950165
"185",2019-07-05,2984.25,2994.030029,2967.969971,2990.409912,2990.409912,2434210000,0.165111657525549
"186",2019-07-06,2980.13742522007,2989.49172438835,2969.65712001618,2985.81134398058,2985.81134398058,2684960453.07443,-0.153777179541986
"187",2019-07-07,2979.89515653079,2987.94556516422,2971.37167082698,2983.81209109971,2983.81209109971,2846301612.90323,-0.0669584461491919
"188",2019-07-08,2979.77002,2980.76001,2970.090088,2975.949951,2975.949951,2904550000,-0.263493137626139
"189",2019-07-09,2965.52002,2981.899902,2963.439941,2979.629883,2979.629883,3028210000,0.123655708617124
"190",2019-07-10,2989.300049,3002.97998,2984.620117,2993.070068,2993.070068,3154240000,0.451068942377093
"191",2019-07-11,2999.620117,3002.330078,2988.800049,2999.909912,2999.909912,3154620000,0.228522682216074
"192",2019-07-12,3003.360107,3013.919922,3001.870117,3013.77002,3013.77002,2974960000,0.46201747407673
"193",2019-07-13,3002.12084495442,3008.82323634584,2995.19675834584,3004.47627660054,3004.47627660054,3049240670.24129,-0.308375998758654
"194",2019-07-14,3006.8921861126,3011.28877988472,2997.71640552815,3004.87516699464,3004.87516699464,3056026380.69705,0.013276536653287
"195",2019-07-15,3017.800049,3017.800049,3008.77002,3014.300049,3014.300049,2874970000,0.313653029879046
"196",2019-07-16,3012.129883,3015.02002,3001.149902,3004.040039,3004.040039,3290650000,-0.340377859974615
"197",2019-07-17,3005.100098,3005.26001,2984.25,2984.419922,2984.419922,3181600000,-0.653124350717082
"198",2019-07-18,2978.870117,2998.280029,2973.090088,2995.110107,2995.110107,3296580000,0.35819976006714
"199",2019-07-19,3004.26001,3006.02002,2975.860107,2976.610107,2976.610107,3260360000,-0.617673452363666
"200",2019-07-20,2996.07133045308,3003.68772530295,2980.94156839946,2989.41048461126,2989.41048461126,3228082895.44236,0.430032054959358
"201",2019-07-21,2993.42623763807,3002.4973865067,2982.9338953378,2993.38665644772,2993.38665644772,3208447158.17694,0.133008559946152
"202",2019-07-22,2981.929932,2990.709961,2976.649902,2985.030029,2985.030029,3003720000,-0.279169663221443
"203",2019-07-23,2994.73999,3005.899902,2988.560059,3005.469971,3005.469971,3313660000,0.684748287334565
"204",2019-07-24,2998.77002,3019.590088,2996.820068,3019.560059,3019.560059,3428980000,0.468814798881912
"205",2019-07-25,3016.26001,3016.310059,2997.23999,3003.669922,3003.669922,3645270000,-0.526240137288816
"206",2019-07-26,3013.25,3027.97998,3012.590088,3025.860107,3025.860107,3257590000,0.738769091685832
"207",2019-07-27,3011.15736086327,3020.47320715282,3001.15816576676,3013.19532233512,3013.19532233512,3456334477.2118,-0.418551559458456
"208",2019-07-28,3012.09142195174,3019.43881859517,2998.09504591153,3009.45644691153,3009.45644691153,3541157667.56032,-0.124083407267959
"209",2019-07-29,3024.469971,3025.610107,3014.300049,3020.969971,3020.969971,3203710000,0.382578192825744
"210",2019-07-30,3007.659912,3017.189941,3000.939941,3013.179932,3013.179932,3634330000,-0.25786548938854
"211",2019-07-31,3016.219971,3017.399902,2958.080078,2980.379883,2980.379883,4623430000,-1.08855261684386
"212",2019-08-01,2980.320068,3013.590088,2945.22998,2953.560059,2953.560059,4762300000,-0.899879379571029
"213",2019-08-02,2943.899902,2945.5,2914.110107,2932.050049,2932.050049,3874660000,-0.728274000538953
"214",2019-08-03,2941.21887285791,2952.44831668633,2903.49128201609,2924.15524150938,2924.15524150938,4224305388.73995,-0.269258960750318
"215",2019-08-04,2912.69250766756,2924.88563204826,2869.75666102145,2895.78880007239,2895.78880007239,4286755147.45308,-0.970073032865203
"216",2019-08-05,2898.070068,2898.070068,2822.120117,2844.73999,2844.73999,4513730000,-1.76286371682598
"217",2019-08-06,2861.179932,2884.399902,2847.419922,2881.77002,2881.77002,4154240000,1.30170174181718
"218",2019-08-07,2858.649902,2892.169922,2825.709961,2883.97998,2883.97998,4491750000,0.0766875907745108
"219",2019-08-08,2896.209961,2938.719971,2894.469971,2938.090088,2938.090088,4106370000,1.87623036134945
"220",2019-08-09,2930.51001,2935.75,2900.149902,2918.649902,2918.649902,3350640000,-0.661660650890151
"221",2019-08-10,2902.45934699732,2921.41903175335,2877.69867880697,2905.17631060858,2905.17631060858,3654140857.90885,-0.461637806651227
"222",2019-08-11,2897.87110021448,2916.38307172118,2872.15275628954,2895.8532130992,2895.8532130992,3523988525.46917,-0.320913311709828
"223",2019-08-12,2907.070068,2907.580078,2873.139893,2882.699951,2882.699951,2851630000,-0.454210249321263
"224",2019-08-13,2880.719971,2943.310059,2877.050049,2926.320068,2926.320068,3853600000,1.51316882580403
"225",2019-08-14,2894.149902,2894.149902,2839.639893,2840.600098,2840.600098,4312530000,-2.92927526750639
"226",2019-08-15,2846.199951,2856.669922,2825.51001,2847.600098,2847.600098,4.038e+09,0.246426802735399
"227",2019-08-16,2864.73999,2893.629883,2864.73999,2888.679932,2888.679932,3498150000,1.44261246615536
"228",2019-08-17,2883.24499196247,2901.70017443432,2870.82666535657,2887.9111107185,2887.9111107185,3546430670.24129,-0.0266149694531476
"229",2019-08-18,2899.99961164343,2915.30630684182,2888.96450068633,2901.48452164879,2901.48452164879,3347971581.76944,0.470007919562241
"230",2019-08-19,2913.47998,2931,2913.47998,2923.649902,2923.649902,3212880000,0.763932400322116
"231",2019-08-20,2919.01001,2923.629883,2899.600098,2900.51001,2900.51001,3066300000,-0.791472740432112
"232",2019-08-21,2922.040039,2928.72998,2917.909912,2924.429932,2924.429932,3011190000,0.82467986380092
"233",2019-08-22,2930.939941,2939.080078,2904.51001,2922.949951,2922.949951,2890880000,-0.0506075041773288
"234",2019-08-23,2911.070068,2927.01001,2834.969971,2847.110107,2847.110107,3937300000,-2.59463368416739
"235",2019-08-24,2904.66547280965,2917.09982939142,2867.49173929759,2882.32074239142,2882.32074239142,3342025174.26273,1.23671491681514
"236",2019-08-25,2891.34234804301,2904.06840677419,2864.67829101075,2882.03468365591,2882.03468365591,3215014838.70968,-0.00992459760980285
"237",2019-08-26,2866.699951,2879.27002,2856,2878.379883,2878.379883,2857600000,-0.126813208621001
"238",2019-08-27,2893.139893,2898.790039,2860.590088,2869.159912,2869.159912,3533630000,-0.32031807387392
"239",2019-08-28,2861.280029,2890.030029,2853.050049,2887.939941,2887.939941,3097420000,0.654548006245809
"240",2019-08-29,2910.370117,2930.5,2905.669922,2924.580078,2924.580078,3176190000,1.26872918926813
"241",2019-08-30,2937.090088,2940.429932,2913.320068,2926.459961,2926.459961,3008450000,0.0642787323260999
"242",2019-08-31,2917.13996055663,2928.34537855663,2901.23515317476,2918.06714182201,2918.06714182201,3155467766.99029,-0.286790842514237
"243",2019-09-01,2920.26432267755,2931.09658917551,2906.48344726939,2922.40077433469,2922.40077433469,3248556122.44898,0.148510376974452
"244",2019-09-02,2923.45414734426,2933.93319289508,2911.62863657705,2926.63938521639,2926.63938521639,3347631836.06557,0.14503865858934
"245",2019-09-03,2909.01001,2914.389893,2891.850098,2906.27002,2906.27002,3426790000,-0.695998465656105
"246",2019-09-04,2924.669922,2938.840088,2921.860107,2937.780029,2937.780029,3163260000,1.08420789476403
"247",2019-09-05,2960.600098,2985.860107,2960.600098,2976,2976,3890700000,1.30098137446355
"248",2019-09-06,2980.330078,2985.030029,2972.51001,2978.709961,2978.709961,3208280000,0.091060517473119
"249",2019-09-07,2970.37594256438,2980.01795332603,2961.45568770411,2973.30303416164,2973.30303416164,3623757726.0274,-0.181519077357259
"250",2019-09-08,2977.92760685095,2985.78975205691,2965.94434415718,2979.0894867019,2979.0894867019,3848304823.84824,0.194613615691711
"251",2019-09-09,2988.429932,2989.429932,2969.389893,2978.429932,2978.429932,4002890000,-0.022139472642279
"252",2019-09-10,2971.01001,2979.389893,2957.01001,2979.389893,2979.389893,4390770000,0.032230437576734
"253",2019-09-11,2981.409912,3000.929932,2975.310059,3000.929932,3000.929932,3927550000,0.72296811674792
"254",2019-09-12,3009.080078,3020.73999,3000.919922,3009.570068,3009.570068,3791860000,0.287915286120715
"255",2019-09-13,3012.209961,3017.330078,3002.899902,3007.389893,3007.389893,3520060000,-0.0724414102592664
"256",2019-09-14,3001.99806781233,3010.32608995442,2993.30597358177,3003.34223159517,3003.34223159517,3809238069.70509,-0.134590510337469
"257",2019-09-15,3000.06520973727,3008.01819190885,2991.9103773941,3002.40998804558,3002.40998804558,3905243941.01877,-0.0310402038032738
"258",2019-09-16,2996.409912,3002.189941,2990.669922,2997.959961,2997.959961,4274640000,-0.148215169257203
"259",2019-09-17,2995.669922,3006.209961,2993.72998,3005.699951,3005.699951,3671840000,0.258175229178787
"260",2019-09-18,3001.5,3007.830078,2978.570068,3006.72998,3006.72998,3435540000,0.0342691891004397
"261",2019-09-19,3010.360107,3021.98999,3003.159912,3006.790039,3006.790039,3251290000,0.00199748565383015
"262",2019-09-20,3008.419922,3016.370117,2984.679932,2992.070068,2992.070068,6094740000,-0.489557661461974
"263",2019-09-21,3000.12354956836,3010.11544358713,2982.92516459517,2993.42715097319,2993.42715097319,4324478552.27882,0.0453559890760787
"264",2019-09-22,2993.2939028311,3004.53095778552,2976.28048983378,2987.9194655067,2987.9194655067,3848870804.28954,-0.18399263415171
"265",2019-09-23,2983.5,2999.149902,2982.22998,2991.780029,2991.780029,3186590000,0.129205741247872
"266",2019-09-24,3002.429932,3007.97998,2957.72998,2966.600098,2966.600098,3868160000,-0.841637110881327
"267",2019-09-25,2968.350098,2989.820068,2952.860107,2984.870117,2984.870117,3318870000,0.615857156221265
"268",2019-09-26,2985.72998,2987.280029,2963.709961,2977.620117,2977.620117,3077240000,-0.242891640701832
"269",2019-09-27,2985.469971,2987.310059,2945.530029,2961.790039,2961.790039,3243650000,-0.531635244859543
"270",2019-09-28,2976.01527937265,2983.91674875335,2948.56441166756,2963.75004897587,2963.75004897587,3313966487.93566,0.066176533449804
"271",2019-09-29,2967.43526263807,2978.26758342091,2943.77449043432,2957.16739786327,2957.16739786327,3362984289.54424,-0.222105474612332
"272",2019-09-30,2967.070068,2983.850098,2967.070068,2976.73999,2976.73999,3247610000,0.661869603691414
"273",2019-10-01,2983.689941,2992.530029,2938.699951,2940.25,2940.25,3558040000,-1.22583732951429
"274",2019-10-02,2924.780029,2924.780029,2874.929932,2887.610107,2887.610107,3912520000,-1.79032031289856
"275",2019-10-03,2885.379883,2911.129883,2855.939941,2910.629883,2910.629883,3503640000,0.797191280921088
"276",2019-10-04,2918.560059,2953.73999,2918.560059,2952.01001,2952.01001,2990830000,1.4216897600649
"277",2019-10-05,2922.13358814745,2944.21325316622,2906.73277217426,2930.61080197051,2930.61080197051,3210931179.62467,-0.724902962964229
"278",2019-10-06,2927.4629651126,2945.7865863807,2913.75465384718,2928.09563643432,2928.09563643432,3133164450.40214,-0.0858239359010649
"279",2019-10-07,2944.22998,2959.75,2935.679932,2938.790039,2938.790039,2940140000,0.365234059728547
"280",2019-10-08,2920.399902,2925.469971,2892.659912,2893.060059,2893.060059,3356450000,-1.55608190422344
"281",2019-10-09,2911.100098,2929.320068,2907.409912,2919.399902,2919.399902,2726820000,0.910449228942198
"282",2019-10-10,2918.550049,2948.459961,2917.120117,2938.129883,2938.129883,3217250000,0.641569556372478
"283",2019-10-11,2963.070068,2993.280029,2963.070068,2970.27002,2970.27002,3580460000,1.0938977608159
"284",2019-10-12,2952.30546898391,2974.29616732976,2949.27284422252,2959.42561185523,2959.42561185523,3195107747.98928,-0.365098394144379
"285",2019-10-13,2963.36680925469,2980.77004432708,2960.20137971582,2969.57580859786,2969.57580859786,3050434798.92761,0.342978607131298
"286",2019-10-14,2965.810059,2972.840088,2962.939941,2966.149902,2966.149902,2557020000,-0.115366867817846
"287",2019-10-15,2973.610107,3003.280029,2973.610107,2995.679932,2995.679932,3340740000,0.995567687934064
"288",2019-10-16,2989.679932,2997.540039,2985.199951,2989.689941,2989.689941,3222570000,-0.199954305398736
"289",2019-10-17,3000.77002,3008.290039,2991.790039,2997.949951,2997.949951,3115960000,0.276283165244792
"290",2019-10-18,2996.840088,3000,2976.310059,2986.199951,2986.199951,3264290000,-0.391934494973162
"291",2019-10-19,2996.610298563,3004.10266136461,2985.5956188311,2994.50245443432,2994.50245443432,3263586112.60054,0.278029052660607
"292",2019-10-20,2999.05909887668,3007.20519579088,2990.57752560054,2999.59488107775,2999.59488107775,3323255630.02681,0.170059190831195
"293",2019-10-21,2996.47998,3007.330078,2995.350098,3006.719971,3006.719971,3271620000,0.237535074059462
"294",2019-10-22,3010.72998,3014.570068,2995.040039,2995.98999,2995.98999,3523890000,-0.356866655474779
"295",2019-10-23,2994.01001,3004.780029,2991.209961,3004.52002,3004.52002,3392870000,0.284714903202994
"296",2019-10-24,3014.780029,3016.070068,3000.419922,3010.290039,3010.290039,3692600000,0.192044618161674
"297",2019-10-25,3003.320068,3027.389893,3001.939941,3022.550049,3022.550049,3370370000,0.407270058405158
"298",2019-10-26,3015.33955359786,3028.89191050938,3010.26012289276,3023.2847211555,3023.2847211555,3516388981.23324,0.0243063685823637
"299",2019-10-27,3025.58844817426,3037.98899530027,3021.34123392225,3032.05752969437,3032.05752969437,3572528820.37534,0.290174738670363
"300",2019-10-28,3032.120117,3044.080078,3032.120117,3039.419922,3039.419922,3521230000,0.242818357947579
"301",2019-10-29,3035.389893,3047.870117,3034.810059,3036.889893,3036.889893,3589930000,-0.0832405217089978
"302",2019-10-30,3039.73999,3050.100098,3025.959961,3046.77002,3046.77002,3776030000,0.325337017412896
"303",2019-10-31,3046.899902,3046.899902,3023.189941,3037.560059,3037.560059,4139280000,-0.302286058335313
"304",2019-11-01,3050.719971,3066.949951,3050.719971,3066.909912,3066.909912,3930200000,0.966231199710417
"305",2019-11-02,3057.51675546381,3066.66890133244,3050.17098090349,3061.85647753619,3061.85647753619,4035471554.95979,-0.164772836790362
"306",2019-11-03,3068.6280057319,3075.94938620375,3061.84467084182,3070.05634297587,3070.05634297587,4142425656.83646,0.267806982457787
"307",2019-11-04,3078.959961,3085.199951,3074.870117,3078.27002,3078.27002,4146850000,0.267541572744147
"308",2019-11-05,3080.800049,3083.949951,3072.149902,3074.620117,3074.620117,4486130000,-0.118569942736862
"309",2019-11-06,3075.100098,3078.340088,3065.889893,3076.780029,3076.780029,4458190000,0.0702497192436108
"310",2019-11-07,3087.02002,3097.77002,3080.22998,3085.179932,3085.179932,4144640000,0.273009539870489
"311",2019-11-08,3081.25,3093.090088,3073.580078,3093.080078,3093.080078,3499150000,0.256067593272545
"312",2019-11-09,3082.70865785255,3092.61258162735,3076.07144661394,3088.40954823592,3088.40954823592,3661070241.28686,-0.150999316095805
"313",2019-11-10,3083.83828792493,3093.89414112064,3078.11719120375,3089.75206515013,3089.75206515013,3446622010.72386,0.0434695234955795
"314",2019-11-11,3080.330078,3088.330078,3075.820068,3087.01001,3087.01001,3035530000,-0.0887467697186022
"315",2019-11-12,3089.280029,3102.610107,3084.72998,3091.840088,3091.840088,3466010000,0.156464604402107
"316",2019-11-13,3084.179932,3098.060059,3078.800049,3094.040039,3094.040039,3509280000,0.0711534535223367
"317",2019-11-14,3090.75,3098.199951,3083.26001,3096.629883,3096.629883,3276070000,0.0837042820181838
"318",2019-11-15,3107.919922,3120.459961,3104.600098,3120.459961,3120.459961,3335650000,0.769548796607023
"319",2019-11-16,3105.20276109383,3114.07592125469,3098.37468344772,3111.34474492761,3111.34474492761,3416162010.72386,-0.292111297254564
"320",2019-11-17,3112.21516441019,3118.66834588204,3103.3668932252,3114.86239696783,3114.86239696783,3490526890.08043,0.113058896669983
"321",2019-11-18,3117.909912,3124.169922,3112.060059,3122.030029,3122.030029,3436690000,0.230110711765279
"322",2019-11-19,3127.449951,3127.639893,3113.469971,3120.179932,3120.179932,3590070000,-0.0592594236062681
"323",2019-11-20,3114.659912,3118.969971,3091.409912,3108.459961,3108.459961,4034890000,-0.375618434046129
"324",2019-11-21,3108.48999,3110.110107,3094.550049,3103.540039,3103.540039,3720560000,-0.158275225086615
"325",2019-11-22,3111.409912,3112.870117,3099.26001,3110.290039,3110.290039,3226780000,0.217493569123566
"326",2019-11-23,3117.01715792329,3122.35090953699,3107.00897773699,3118.64541694521,3118.64541694521,3550215808.21918,0.26863661717837
"327",2019-11-24,3122.03753459384,3130.85144610364,3116.04406489916,3128.33001817647,3128.33001817647,3614741680.67227,0.310538709487278
"328",2019-11-25,3117.439941,3133.830078,3117.439941,3133.639893,3133.639893,3511530000,0.169735123617936
"329",2019-11-26,3134.850098,3142.689941,3131,3140.52002,3140.52002,4595590000,0.219557040212849
"330",2019-11-27,3145.48999,3154.26001,3143.409912,3153.629883,3153.629883,3033090000,0.41744242725764
"331",2019-11-28,3139.52675600769,3146.47389017692,3133.58720385385,3141.37397900256,3141.37397900256,2945410230.76923,-0.388628483751472
"332",2019-11-29,3147.179932,3150.300049,3139.340088,3140.97998,3140.97998,1743020000,-0.012542250785717
"333",2019-11-30,3135.45283364401,3140.4020626699,3122.68269692557,3129.4066290712,3129.4066290712,2754065177.99353,-0.368463059379415
"334",2019-12-01,3128.27314770381,3133.13488329912,3110.16010169208,3118.68072407331,3118.68072407331,3126756686.21701,-0.342745646993992
"335",2019-12-02,3143.850098,3144.310059,3110.780029,3113.870117,3113.870117,3268740000,-0.154251348532758
"336",2019-12-03,3087.409912,3094.969971,3070.330078,3093.199951,3093.199951,3653390000,-0.663809511101708
"337",2019-12-04,3103.5,3119.379883,3102.530029,3112.76001,3112.76001,3695030000,0.632356760308248
"338",2019-12-05,3119.209961,3119.449951,3103.76001,3117.429932,3117.429932,3355750000,0.150025121917447
"339",2019-12-06,3134.620117,3150.600098,3134.620117,3145.909912,3145.909912,3479480000,0.913572417703984
"340",2019-12-07,3129.35217562467,3139.64138496783,3122.98476572654,3132.90981728686,3132.90981728686,3444471474.53083,-0.413237984455564
"341",2019-12-08,3134.85988002949,3144.62717035121,3128.43120081233,3136.07645148257,3136.07645148257,3420004369.97319,0.101076455448455
"342",2019-12-09,3141.860107,3148.870117,3135.459961,3135.959961,3135.959961,3345990000,-0.00371452942477249
"343",2019-12-10,3135.360107,3142.120117,3126.090088,3132.52002,3132.52002,3343790000,-0.109693396688112
"344",2019-12-11,3135.75,3143.97998,3133.209961,3141.629883,3141.629883,3252540000,0.290815795009672
"345",2019-12-12,3141.22998,3176.280029,3138.469971,3168.570068,3168.570068,3990690000,0.85752256005008
"346",2019-12-13,3166.649902,3182.679932,3156.51001,3168.800049,3168.800049,3736870000,0.00725819518156076
"347",2019-12-14,3165.4410682815,3181.25037834316,3160.10727017963,3172.33370887936,3172.33370887936,3816285898.12332,0.111514132312362
"348",2019-12-15,3177.89282476407,3190.43852304826,3174.27422107507,3183.08462916354,3183.08462916354,3930136434.31635,0.338896259687029
"349",2019-12-16,3183.629883,3197.709961,3183.629883,3191.449951,3191.449951,4051790000,0.262805511352659
"350",2019-12-17,3195.399902,3198.219971,3191.030029,3192.52002,3192.52002,3837540000,0.0335292427087752
"351",2019-12-18,3195.209961,3198.47998,3191.139893,3191.139893,3191.139893,4014080000,-0.0432300186484
"352",2019-12-19,3192.320068,3205.47998,3192.320068,3205.370117,3205.370117,3720450000,0.445929181331566
"353",2019-12-20,3223.330078,3225.649902,3216.030029,3221.219971,3221.219971,6454270000,0.494478123319949
"354",2019-12-21,3213.98224532773,3218.6475762577,3209.5166322409,3214.90531260784,3214.90531260784,4354695210.08403,-0.196033131826023
"355",2019-12-22,3220.18996355425,3223.70156119062,3215.8209361173,3220.06956810264,3220.06956810264,3445778914.95601,0.160634761917983
"356",2019-12-23,3226.050049,3227.780029,3222.300049,3224.01001,3224.01001,3060610000,0.12237132813507
"357",2019-12-24,3225.449951,3226.429932,3220.51001,3223.379883,3223.379883,1296540000,-0.0195448214504738
"358",2019-12-25,3229.11883588835,3234.20727428155,3224.32234621359,3230.86491807767,3230.86491807767,2212037742.71845,0.232210764767329
"359",2019-12-26,3227.199951,3240.080078,3227.199951,3239.909912,3239.909912,2160680000,0.279955806004763
"360",2019-12-27,3247.22998,3247.929932,3234.370117,3240.02002,3240.02002,2428670000,0.00339848955651624
"361",2019-12-28,3236.73688384615,3242.01402512615,3226.09787164615,3234.50430679077,3234.50430679077,2547079107.69231,-0.170237010116711
"362",2019-12-29,3234.60650315385,3240.88228759385,3221.46491636,3230.97602091385,3230.97602091385,2783977692.30769,-0.109082738567244
"363",2019-12-30,3240.090088,3240.919922,3216.570068,3221.290039,3221.290039,3013290000,-0.299785013913743
"364",2019-12-31,3215.179932,3231.719971,3212.030029,3230.780029,3230.780029,2893810000,0.294602158920966
"365",2020-01-01,3231.25420973786,3244.68155726699,3222.73314756311,3239.17612797087,3239.17612797087,3181940946.60194,0.259878385266368
"366",2020-01-02,3244.669922,3258.139893,3235.530029,3257.850098,3257.850098,3458250000,0.576503693882938
"367",2020-01-03,3226.360107,3246.149902,3222.340088,3234.850098,3234.850098,3461290000,-0.705987056130045
"368",2020-01-04,3231.61128075073,3249.72303208211,3225.82725447801,3243.18334333138,3243.18334333138,3470073167.15542,0.257608392318719
"369",2020-01-05,3231.7666972409,3251.00517820448,3226.40374246499,3245.43445548179,3245.43445548179,3537866498.59944,0.0694105732579906
"370",2020-01-06,3217.550049,3246.840088,3214.639893,3246.280029,3246.280029,3674070000,0.0260542472758807
"371",2020-01-07,3241.860107,3244.909912,3232.429932,3237.179932,3237.179932,3420380000,-0.280323845099809
"372",2020-01-08,3238.590088,3267.070068,3236.669922,3253.050049,3253.050049,3720890000,0.490245131051305
"373",2020-01-09,3266.030029,3275.580078,3263.669922,3274.699951,3274.699951,3638390000,0.665526249946735
"374",2020-01-10,3281.810059,3282.98999,3260.860107,3265.350098,3265.350098,3212970000,-0.28551785323553
"375",2020-01-11,3271.54758664611,3281.59996401609,3262.02514246649,3272.45547227346,3272.45547227346,3463272841.82306,0.217599156605303
"376",2020-01-12,3275.8274137957,3287.98985369892,3269.12491856989,3281.36985736559,3281.36985736559,3510006989.24731,0.272406612333207
"377",2020-01-13,3271.129883,3288.129883,3268.429932,3288.129883,3288.129883,3456380000,0.206012303649189
"378",2020-01-14,3285.350098,3294.25,3277.189941,3283.149902,3283.149902,3665130000,-0.151453293428189
"379",2020-01-15,3282.27002,3298.659912,3280.689941,3289.290039,3289.290039,3716840000,0.187019697037271
"380",2020-01-16,3302.969971,3317.110107,3302.820068,3316.810059,3316.810059,3535080000,0.836655316913509
"381",2020-01-17,3323.659912,3329.879883,3318.860107,3329.620117,3329.620117,3698170000,0.386216206901585
"382",2020-01-18,3311.5840777055,3321.28860346278,3306.83896400971,3317.2322622589,3317.2322622589,3696736990.29126,-0.372050092977632
"383",2020-01-19,3315.77043913469,3324.95708113469,3308.98186749388,3318.05127150612,3318.05127150612,3774352244.89796,0.0246895358079345
"384",2020-01-20,3319.81473495082,3328.51599572131,3310.93437389836,3318.69314723279,3318.69314723279,3850252983.60656,0.0193449610672633
"385",2020-01-21,3321.030029,3329.790039,3316.610107,3320.790039,3320.790039,4105340000,0.0631842618219006
"386",2020-01-22,3330.02002,3337.77002,3320.040039,3321.75,3321.75,3619850000,0.0289076089944276
"387",2020-01-23,3315.77002,3326.879883,3301.870117,3325.540039,3325.540039,3764860000,0.114097659366297
"388",2020-01-24,3333.100098,3333.179932,3281.530029,3295.469971,3295.469971,3707130000,-0.904216086631215
"389",2020-01-25,3303.20162093151,3311.79723643562,3277.38036095068,3291.48145075343,3291.48145075343,3736923972.60274,-0.121030392680668
"390",2020-01-26,3279.4327939729,3291.9829950271,3260.41122480217,3274.3796737832,3274.3796737832,3736692655.82656,-0.519576890409421
"391",2020-01-27,3247.159912,3258.850098,3234.5,3243.629883,3243.629883,3823100000,-0.939102787297401
"392",2020-01-28,3255.350098,3285.780029,3253.219971,3276.23999,3276.23999,3526720000,1.00535844644023
"393",2020-01-29,3289.459961,3293.469971,3271.889893,3273.399902,3273.399902,3584500000,-0.0866874224314661
"394",2020-01-30,3256.449951,3285.909912,3242.800049,3283.659912,3283.659912,3787250000,0.313435886453447
"395",2020-01-31,3282.330078,3282.330078,3214.679932,3225.52002,3225.52002,4527830000,-1.77058202000549
"396",2020-02-01,3272.30987259517,3287.81828138338,3243.89575865147,3260.91104456568,3260.91104456568,4041499758.71314,1.0972191877973
"397",2020-02-02,3270.72459810456,3291.39981514745,3255.31260080429,3271.29512157641,3271.29512157641,3955766943.69973,0.318440977653441
"398",2020-02-03,3235.659912,3268.439941,3235.659912,3248.919922,3248.919922,3757910000,-0.683985967173299
"399",2020-02-04,3280.610107,3306.919922,3280.610107,3297.590088,3297.590088,3995320000,1.49804141586965
"400",2020-02-05,3324.909912,3337.580078,3313.75,3334.689941,3334.689941,4117730000,1.12505957411163
"401",2020-02-06,3344.919922,3347.959961,3334.389893,3345.780029,3345.780029,3868370000,0.332567290999002
"402",2020-02-07,3335.540039,3341.419922,3322.120117,3327.709961,3327.709961,3730650000,-0.540085356579788
"403",2020-02-08,3333.84389650938,3346.87966561394,3324.80066682038,3338.68718446113,3338.68718446113,3755878364.61126,0.329873203788099
"404",2020-02-09,3338.14153051613,3356.07416115054,3331.45398892473,3349.19377937634,3349.19377937634,3673515161.29032,0.314692402574187
"405",2020-02-10,3318.280029,3352.26001,3317.77002,3352.090088,3352.090088,3450350000,0.0864777858328526
"406",2020-02-11,3365.870117,3375.629883,3352.719971,3357.75,3357.75,3760550000,0.168847252055121
"407",2020-02-12,3370.5,3381.469971,3369.719971,3379.449951,3379.449951,3926380000,0.646264641501007
"408",2020-02-13,3365.899902,3385.090088,3360.52002,3373.939941,3373.939941,3498240000,-0.163044580623824
"409",2020-02-14,3378.080078,3380.689941,3366.149902,3380.159912,3380.159912,3398040000,0.184353340864641
"410",2020-02-15,3371.47140776375,3380.59409442718,3361.68955422977,3375.30088536246,3375.30088536246,3563546828.47896,-0.143751383486037
"411",2020-02-16,3371.64837266531,3380.28656135102,3359.83172622857,3373.84816726939,3373.84816726939,3637858122.44898,-0.0430396620156659
"412",2020-02-17,3371.46110880328,3379.60802797377,3357.27352539016,3371.6623077082,3371.6623077082,3717878065.57377,-0.0647883204228827
"413",2020-02-18,3369.040039,3375.01001,3355.610107,3370.290039,3370.290039,3746720000,-0.0407000637358795
"414",2020-02-19,3380.389893,3393.52002,3378.830078,3386.149902,3386.149902,3600150000,0.470578579780211
"415",2020-02-20,3380.449951,3389.149902,3341.02002,3373.22998,3373.22998,4007320000,-0.381551980093055
"416",2020-02-21,3360.5,3360.76001,3328.449951,3337.75,3337.75,3899270000,-1.05181028896227
"417",2020-02-22,3316.40393823014,3323.62599943288,3275.53398033425,3289.99777061918,3289.99777061918,4387339835.61644,-1.43067124202896
"418",2020-02-23,3263.78895307588,3273.88359336856,3210.93197007317,3224.73725852574,3224.73725852574,4894979295.39295,-1.98360353542586
"419",2020-02-24,3257.610107,3259.810059,3214.649902,3225.889893,3225.889893,4842960000,0.0357435158851529
"420",2020-02-25,3238.939941,3246.98999,3118.77002,3128.209961,3128.209961,5591510000,-3.02799956724995
"421",2020-02-26,3139.899902,3182.51001,3108.98999,3116.389893,3116.389893,5478110000,-0.377854049036448
"422",2020-02-27,3062.540039,3097.070068,2977.389893,2978.76001,2978.76001,7058840000,-4.41632426382664
"423",2020-02-28,2916.899902,2959.719971,2855.840088,2954.219971,2954.219971,8563850000,-0.82383404227318
"424",2020-02-29,3017.91422720643,3070.20932287936,2955.58532163807,3023.45036556568,3023.45036556568,7019317721.17962,2.34344074731338
"425",2020-03-01,3018.5447809571,3086.13298346649,2960.14920783914,3042.94746577748,3042.94746577748,6594816756.03217,0.644862585933289
"426",2020-03-02,2974.280029,3090.959961,2945.189941,3090.22998,3090.22998,6376400000,1.55383932040507
"427",2020-03-03,3096.459961,3136.719971,2976.629883,3003.370117,3003.370117,6355940000,-2.81078960343269
"428",2020-03-04,3045.75,3130.969971,3034.379883,3130.120117,3130.120117,5035480000,4.2202590777126
"429",2020-03-05,3075.699951,3083.040039,2999.830078,3023.939941,3023.939941,5575550000,-3.39220771188059
"430",2020-03-06,2954.199951,2985.929932,2901.540039,2972.370117,2972.370117,6552140000,-1.70538519303218
"431",2020-03-07,2945.19475870777,2977.08822926273,2869.00064475067,2928.82530057641,2928.82530057641,6764064262.73458,-1.46498634791626
"432",2020-03-08,2882.34341817694,2910.51370224129,2786.68293540214,2844.44680747185,2844.44680747185,7433296782.84182,-2.88096709243637
"433",2020-03-09,2863.889893,2863.889893,2734.429932,2746.560059,2746.560059,8423050000,-3.44132814207386
"434",2020-03-10,2813.47998,2882.590088,2734,2882.22998,2882.22998,7635960000,4.93963059556748
"435",2020-03-11,2825.600098,2825.600098,2707.219971,2741.379883,2741.379883,7374110000,-4.88684449115334
"436",2020-03-12,2630.860107,2660.949951,2478.860107,2480.639893,2480.639893,8829380000,-9.5112680886336
"437",2020-03-13,2569.98999,2711.330078,2492.370117,2711.02002,2711.02002,8258670000,9.28712497328204
"438",2020-03-14,2586.23176916622,2665.81806409651,2480.36643069973,2587.31097389008,2587.31097389008,8202705040.21448,-4.56319190552933
"439",2020-03-15,2525.98273073727,2600.06683680429,2417.85733727346,2504.15790351206,2504.15790351206,8155318552.27882,-3.21388001740639
"440",2020-03-16,2508.590088,2562.97998,2380.939941,2386.129883,2386.129883,7781540000,-4.71328187198303
"441",2020-03-17,2425.659912,2553.929932,2367.040039,2529.189941,2529.189941,8358500000,5.99548494904793
"442",2020-03-18,2436.5,2453.570068,2280.52002,2398.100098,2398.100098,8755780000,-5.18307624409456
"443",2020-03-19,2393.47998,2466.969971,2319.780029,2409.389893,2409.389893,7946710000,0.470780807248862
"444",2020-03-20,2431.939941,2453.01001,2295.560059,2304.919922,2304.919922,9044690000,-4.33595124240857
"445",2020-03-21,2399.66202994638,2447.19444070241,2301.86119460858,2360.75217705094,2360.75217705094,8271768766.75603,2.42230779985153
"446",2020-03-22,2374.23433952815,2426.77670812064,2296.13237445845,2359.34787481501,2359.34787481501,7898776997.31903,-0.0594853729068216
"447",2020-03-23,2290.709961,2300.72998,2191.860107,2237.399902,2237.399902,7402180000,-5.16871522494641
"448",2020-03-24,2344.439941,2449.709961,2344.439941,2447.330078,2447.330078,7547350000,9.38277398744607
"449",2020-03-25,2457.77002,2571.419922,2407.530029,2475.560059,2475.560059,8285670000,1.15350116658845
"450",2020-03-26,2501.290039,2637.01001,2500.719971,2630.070068,2630.070068,7753160000,6.24141629843609
"451",2020-03-27,2555.870117,2615.909912,2520.02002,2541.469971,2541.469971,6194330000,-3.36873523173376
"452",2020-03-28,2523.57457071582,2599.69682389812,2495.4739954933,2554.21511603753,2554.21511603753,6681866193.02949,0.50148713866247
"453",2020-03-29,2540.80987832976,2605.64890499196,2513.57578625201,2570.07440258445,2570.07440258445,6358405415.5496,0.620906455659833
"454",2020-03-30,2558.97998,2631.800049,2545.280029,2626.649902,2626.649902,5746220000,2.20131757114339
"455",2020-03-31,2614.689941,2641.389893,2571.149902,2584.590088,2584.590088,6568290000,-1.60127217441406
"456",2020-04-01,2498.080078,2522.75,2447.48999,2470.5,2470.5,5947900000,-4.41424303721155
"457",2020-04-02,2458.540039,2533.219971,2455.790039,2526.899902,2526.899902,6454990000,2.28293470957297
"458",2020-04-03,2514.919922,2538.179932,2459.959961,2488.649902,2488.649902,6087190000,-1.51371251270087
"459",2020-04-04,2552.52103702168,2601.44471930623,2517.38585193496,2564.03188302168,2564.03188302168,6317057804.87805,3.02903116107649
"460",2020-04-05,2600.48935395343,2659.80882412329,2569.07741051507,2623.00571753151,2623.00571753151,6450306821.91781,2.3000429479967
"461",2020-04-06,2578.280029,2676.850098,2574.570068,2663.679932,2663.679932,6391860000,1.55067197134329
"462",2020-04-07,2738.649902,2756.889893,2657.669922,2659.409912,2659.409912,7040720000,-0.160305296019324
"463",2020-04-08,2685,2760.75,2663.300049,2749.97998,2749.97998,5856370000,3.40564527458977
"464",2020-04-09,2776.98999,2818.570068,2762.360107,2789.820068,2789.820068,7880140000,1.44874101956189
"465",2020-04-10,2743.73782167541,2787.51628212787,2716.12447477705,2758.83016916721,2758.83016916721,6758870327.86885,-1.11082070088496
"466",2020-04-11,2763.02954002449,2795.63829423673,2731.17014904898,2772.01276898775,2772.01276898775,6225231632.65306,0.477832958616699
"467",2020-04-12,2781.75487977023,2803.45986781877,2745.85757759223,2784.85551544337,2784.85551544337,5696215145.63107,0.463300407533853
"468",2020-04-13,2782.459961,2782.459961,2721.169922,2761.629883,2761.629883,5274310000,-0.833997753727915
"469",2020-04-14,2805.100098,2851.850098,2805.100098,2846.060059,2846.060059,5567400000,3.05725892233908
"470",2020-04-15,2795.639893,2801.879883,2761.540039,2783.360107,2783.360107,5203390000,-2.20304388172435
"471",2020-04-16,2799.340088,2806.51001,2764.320068,2799.550049,2799.550049,5179990000,0.581668967636748
"472",2020-04-17,2842.429932,2879.219971,2830.879883,2874.560059,2874.560059,5792140000,2.67935949302973
"473",2020-04-18,2820.33419723656,2843.09106192473,2795.69997227957,2824.14755825806,2824.14755825806,5418161505.37634,-1.75374665017341
"474",2020-04-19,2819.83233379625,2840.71881604021,2792.00976385255,2810.52450976944,2810.52450976944,5309020000,-0.482377361933258
"475",2020-04-20,2845.620117,2868.97998,2820.429932,2823.159912,2823.159912,5220160000,0.449574525560701
"476",2020-04-21,2784.810059,2785.540039,2727.100098,2736.560059,2736.560059,5075830000,-3.06747955126108
"477",2020-04-22,2787.889893,2815.100098,2775.949951,2799.310059,2799.310059,5049660000,2.29302477004397
"478",2020-04-23,2810.419922,2844.899902,2794.26001,2797.800049,2797.800049,5756520000,-0.0539422203390856
"479",2020-04-24,2812.639893,2842.709961,2791.76001,2836.73999,2836.73999,5374480000,1.39180571584871
"480",2020-04-25,2832.9676171689,2860.36366936997,2812.82753874263,2837.77554637802,2837.77554637802,5463247131.36729,0.0365051566822055
"481",2020-04-26,2857.627943437,2883.64844207507,2838.33081010724,2860.34598255764,2860.34598255764,5515682627.34584,0.7953566379988
"482",2020-04-27,2854.649902,2887.719971,2852.889893,2878.47998,2878.47998,5194260000,0.633979160316284
"483",2020-04-28,2909.959961,2921.149902,2860.709961,2863.389893,2863.389893,5672880000,-0.524238038994457
"484",2020-04-29,2918.459961,2954.860107,2912.159912,2939.51001,2939.51001,6620140000,2.65839162127684
"485",2020-04-30,2930.909912,2930.909912,2892.469971,2912.429932,2912.429932,6523120000,-0.9212446260729
"486",2020-05-01,2869.090088,2869.090088,2821.610107,2830.709961,2830.709961,4753160000,-2.80590341769637
"487",2020-05-02,2877.15313256032,2890.17865059785,2846.4914026756,2864.71422263271,2864.71422263271,5309350134.04826,1.20126265499469
"488",2020-05-03,2861.21408204021,2880.71295587131,2838.34009383646,2860.27972222252,2860.27972222252,5093191313.67292,-0.154797304916264
"489",2020-05-04,2815.01001,2844.23999,2797.850098,2842.73999,2842.73999,4723140000,-0.61321737472902
"490",2020-05-05,2868.879883,2898.22998,2863.550049,2868.439941,2868.439941,5129590000,0.904055632608174
"491",2020-05-06,2883.139893,2891.110107,2847.649902,2848.419922,2848.419922,4861920000,-0.697941020616964
"492",2020-05-07,2878.26001,2901.919922,2876.47998,2881.189941,2881.189941,5164640000,1.15046306013022
"493",2020-05-08,2908.830078,2932.159912,2902.879883,2929.800049,2929.800049,4857160000,1.68715388417358
"494",2020-05-09,2896.17676897587,2918.2747392815,2878.14216894102,2897.58302602949,2897.58302602949,5010443431.63539,-1.09963213979417
"495",2020-05-10,2900.51276534853,2922.90124735657,2873.68119211528,2895.69434033244,2895.69434033244,5075358203.75335,-0.0651814177569492
"496",2020-05-11,2915.459961,2944.25,2903.439941,2930.189941,2930.189941,4807320000,1.19127216526589
"497",2020-05-12,2939.5,2945.820068,2869.590088,2870.120117,2870.120117,5107710000,-2.05003174570655
"498",2020-05-13,2865.860107,2874.139893,2793.149902,2820,2820,6143130000,-1.74627245400405
"499",2020-05-14,2794.540039,2852.800049,2766.639893,2852.5,2852.5,5641920000,1.15248226950355
"500",2020-05-15,2829.949951,2865.01001,2816.780029,2863.699951,2863.699951,5477040000,0.392636319018407
"501",2020-05-16,2867.84985793566,2903.60430841823,2845.95357521448,2887.90023928418,2887.90023928418,5591234852.54692,0.845070667257994
"502",2020-05-17,2900.20778188172,2936.24830950538,2884.6069229785,2917.84523041935,2917.84523041935,5626311182.7957,1.03691224259861
"503",2020-05-18,2913.860107,2968.090088,2913.860107,2953.909912,2953.909912,6364290000,1.23600392524802
"504",2020-05-19,2948.590088,2964.209961,2922.350098,2922.939941,2922.939941,4969330000,-1.04843992953838
"505",2020-05-20,2953.629883,2980.290039,2953.629883,2971.610107,2971.610107,4992970000,1.66511002560486
"506",2020-05-21,2969.949951,2978.5,2938.570068,2948.51001,2948.51001,4966940000,-0.777359618800085
"507",2020-05-22,2948.050049,2956.76001,2933.590088,2955.449951,2955.449951,3952800000,0.235371118851996
"508",2020-05-23,2964.77719443042,2979.01854612945,2945.9175128576,2964.67823604854,2964.67823604854,4791474174.75728,0.312246365241985
"509",2020-05-24,2983.52515837143,2999.67207146122,2962.22865911429,2982.699452,2982.699452,5239953346.93878,0.60786414297277
"510",2020-05-25,3002.19129963607,3020.31935451803,2978.4563676623,3000.76883422951,3000.76883422951,5695847442.62295,0.605806334841809
"511",2020-05-26,3004.080078,3021.719971,2988.169922,2991.77002,2991.77002,5837060000,-0.299883620719451
"512",2020-05-27,3015.649902,3036.25,2969.75,3036.129883,3036.129883,6371230000,1.48272971195828
"513",2020-05-28,3046.610107,3068.669922,3023.399902,3029.72998,3029.72998,5402670000,-0.210791476209056
"514",2020-05-29,3025.169922,3049.169922,2998.610107,3044.310059,3044.310059,7275080000,0.481233611452062
"515",2020-05-30,3039.46314264384,3062.1913989863,3018.43307785205,3050.26777007945,3050.26777007945,6095956712.32877,0.195699878264342
"516",2020-05-31,3051.37019373984,3074.32280293496,3036.69744550677,3065.36216226829,3065.36216226829,5661788672.08672,0.494854659545101
"517",2020-06-01,3038.780029,3062.179932,3031.540039,3055.72998,3055.72998,4673410000,-0.314226566337108
"518",2020-06-02,3064.780029,3081.070068,3051.639893,3080.820068,3080.820068,5187230000,0.821083281710641
"519",2020-06-03,3098.899902,3130.939941,3098.899902,3122.870117,3122.870117,5989560000,1.36489791912119
"520",2020-06-04,3111.560059,3128.909912,3090.409912,3112.350098,3112.350098,6428130000,-0.336870206120072
"521",2020-06-05,3163.840088,3211.719971,3163.840088,3193.929932,3193.929932,8617590000,2.62116508205242
"522",2020-06-06,3152.69785213405,3183.23182503485,3140.91392565952,3167.4411329303,3167.4411329303,7406502734.58445,-0.829348158339759
"523",2020-06-07,3174.05275860054,3200.18717875067,3157.07385146381,3183.27799403753,3183.27799403753,7444210348.52547,0.499989121899993
"524",2020-06-08,3199.919922,3233.129883,3196,3232.389893,3232.389893,8437380000,1.54280898666269
"525",2020-06-09,3213.320068,3222.709961,3193.110107,3207.179932,3207.179932,6382620000,-0.779917084092925
"526",2020-06-10,3213.419922,3223.27002,3181.48999,3190.139893,3190.139893,6570840000,-0.531309105235446
"527",2020-06-11,3123.530029,3123.530029,2999.48999,3002.100098,3002.100098,7018890000,-5.89440592911328
"528",2020-06-12,3071.040039,3088.419922,2984.469971,3041.310059,3041.310059,5832250000,1.3060843982558
"529",2020-06-13,3097.45255488472,3122.96018419035,3031.24384545845,3075.75727668633,3075.75727668633,6111833538.87399,1.13264405858222
"530",2020-06-14,3078.29731492225,3117.24051195174,3027.86108007775,3083.71065942895,3083.71065942895,5853675120.64343,0.258582912342035
"531",2020-06-15,2993.76001,3079.76001,2965.659912,3066.590088,3066.590088,5740660000,-0.555193833656394
"532",2020-06-16,3131,3153.449951,3076.060059,3124.73999,3124.73999,5829240000,1.89623980810311
"533",2020-06-17,3136.129883,3141.159912,3108.030029,3113.48999,3113.48999,4549390000,-0.360029955644405
"534",2020-06-18,3101.639893,3120,3093.51001,3115.340088,3115.340088,4429030000,0.0594219992979611
"535",2020-06-19,3140.290039,3155.530029,3083.110107,3097.73999,3097.73999,8327780000,-0.564949491960567
"536",2020-06-20,3117.72822246381,3136.21290098123,3082.78788233512,3105.49577548257,3105.49577548257,6030749410.18767,0.250369156469265
"537",2020-06-21,3111.006145437,3130.5482946193,3081.11972389812,3106.14311398928,3106.14311398928,5470392198.39142,0.0208449327741045
"538",2020-06-22,3094.419922,3120.919922,3079.389893,3117.860107,3117.860107,4665380000,0.37721999858775
"539",2020-06-23,3138.699951,3154.899902,3127.120117,3131.290039,3131.290039,4704830000,0.430741968501026
"540",2020-06-24,3114.399902,3115.01001,3032.129883,3050.330078,3050.330078,5587200000,-2.58551459595404
"541",2020-06-25,3046.600098,3086.25,3024.01001,3083.76001,3083.76001,4815420000,1.0959447386074
"542",2020-06-26,3073.199951,3073.72998,3004.629883,3009.050049,3009.050049,8098120000,-2.42269050632121
"543",2020-06-27,3067.12099581301,3088.44942709214,3027.20426507046,3056.31803056369,3056.31803056369,5921354200.54201,1.57086059699786
"544",2020-06-28,3057.33964845753,3087.73132567671,3031.03047409041,3067.91027456164,3067.91027456164,5215985890.41096,0.379287884377026
"545",2020-06-29,3018.590088,3053.889893,2999.73999,3053.23999,3053.23999,4462770000,-0.47818492878643
"546",2020-06-30,3050.199951,3111.51001,3047.830078,3100.290039,3100.290039,4696280000,1.54098757890302
"547",2020-07-01,3105.919922,3128.439941,3101.169922,3115.860107,3115.860107,4443130000,0.502213270504915
"548",2020-07-02,3143.639893,3165.810059,3124.52002,3130.01001,3130.01001,4190830000,0.454125105559497
"549",2020-07-03,3121.73154632787,3148.73624339672,3108.38278628852,3126.66645667541,3126.66645667541,4445368721.31147,-0.10682244829596
"550",2020-07-04,3136.08372033878,3161.32169369796,3123.02787800408,3142.43140645306,3142.43140645306,4547110040.81633,0.504209515024985
"551",2020-07-05,3150.28555753398,3173.8824861877,3137.43996912621,3158.05961852104,3158.05961852104,4643768867.31392,0.497328661999795
"552",2020-07-06,3155.290039,3182.590088,3155.290039,3179.719971,3179.719971,4736450000,0.685875350545415
"553",2020-07-07,3166.439941,3184.149902,3142.929932,3145.320068,3145.320068,4563700000,-1.08185322335732
"554",2020-07-08,3153.070068,3171.800049,3136.530029,3169.939941,3169.939941,4927700000,0.782746190140675
"555",2020-07-09,3176.169922,3179.780029,3115.699951,3152.050049,3152.050049,4829020000,-0.564360597770712
"556",2020-07-10,3152.469971,3186.820068,3136.219971,3185.040039,3185.040039,4515340000,1.04662011983173
"557",2020-07-11,3170.46957429032,3197.10799391398,3139.81512529032,3175.05496582796,3175.05496582796,4661953440.86022,-0.31349914129111
"558",2020-07-12,3181.39867037802,3211.58589995442,3147.79877526005,3178.46328155496,3178.46328155496,4662299088.47185,0.10734666844152
"559",2020-07-13,3205.080078,3235.320068,3149.429932,3155.219971,3155.219971,4890780000,-0.731275100450092
"560",2020-07-14,3141.110107,3200.949951,3127.659912,3197.52002,3197.52002,4476170000,1.34063708358798
"561",2020-07-15,3225.97998,3238.280029,3200.76001,3226.560059,3226.560059,4669760000,0.908205072004521
"562",2020-07-16,3208.360107,3220.389893,3198.590088,3215.570068,3215.570068,3961230000,-0.340610148239609
"563",2020-07-17,3224.209961,3233.52002,3205.649902,3224.72998,3224.72998,3993830000,0.284861216092153
"564",2020-07-18,3223.56181723056,3241.14602040751,3206.86715146113,3230.33364652815,3230.33364652815,4147719624.66488,0.173771651049973
"565",2020-07-19,3233.10051064879,3253.84816734584,3217.75280928686,3242.29851070241,3242.29851070241,4160248552.27882,0.370390971444164
"566",2020-07-20,3224.290039,3258.610107,3215.159912,3251.840088,3251.840088,3971200000,0.294284356177926
"567",2020-07-21,3268.52002,3277.290039,3247.77002,3257.300049,3257.300049,4547960000,0.167903736107703
"568",2020-07-22,3254.860107,3279.320068,3253.100098,3276.02002,3276.02002,4255190000,0.574708215957786
"569",2020-07-23,3271.639893,3279.98999,3222.659912,3235.659912,3235.659912,4290460000,-1.23198599989019
"570",2020-07-24,3218.580078,3227.26001,3200.050049,3215.629883,3215.629883,3894900000,-0.619039996314669
"571",2020-07-25,3235.8482113807,3250.04921699732,3216.15584299732,3234.24488812869,3234.24488812869,4101174664.87936,0.57889140871272
"572",2020-07-26,3231.55108576407,3248.50884551206,3216.25556035657,3236.250145874,3236.250145874,4116280857.90885,0.0620008012587311
"573",2020-07-27,3219.840088,3241.429932,3214.25,3239.409912,3239.409912,3963910000,0.0976366468467615
"574",2020-07-28,3234.27002,3243.719971,3216.169922,3218.439941,3218.439941,4027890000,-0.647339224416128
"575",2020-07-29,3227.219971,3264.73999,3227.219971,3258.439941,3258.439941,4676300000,1.24283816797189
"576",2020-07-30,3231.76001,3250.919922,3204.129883,3246.219971,3246.219971,4254010000,-0.375025172207098
"577",2020-07-31,3270.449951,3272.169922,3220.26001,3271.120117,3271.120117,5117260000,0.767050484022789
"578",2020-08-01,3265.94223627346,3279.17116876676,3241.85814521448,3274.70125031367,3274.70125031367,4687188257.37265,0.109477279512343
"579",2020-08-02,3281.41907894638,3295.90232272118,3267.58576072118,3291.26962081233,3291.26962081233,4647650536.19303,0.505950596167284
"580",2020-08-03,3288.26001,3302.72998,3284.530029,3294.610107,3294.610107,4643640000,0.101495367214657
"581",2020-08-04,3289.919922,3306.840088,3286.370117,3306.51001,3306.51001,4621670000,0.361193058162375
"582",2020-08-05,3317.370117,3330.77002,3317.370117,3327.77002,3327.77002,4732220000,0.642974312362658
"583",2020-08-06,3323.169922,3351.030029,3318.139893,3349.159912,3349.159912,4267490000,0.642769538503149
"584",2020-08-07,3340.050049,3352.540039,3328.719971,3351.280029,3351.280029,4104860000,0.0633029492680712
"585",2020-08-08,3338.77591890349,3353.99522713673,3326.0759500429,3347.56964483914,3347.56964483914,4310026541.55496,-0.110715431976746
"586",2020-08-09,3350.13916869437,3363.70840907239,3332.47905027078,3352.64628740483,3352.64628740483,4335426514.74531,0.151651589191279
"587",2020-08-10,3356.040039,3363.290039,3335.439941,3360.469971,3360.469971,4318570000,0.233358455515162
"588",2020-08-11,3370.340088,3381.01001,3326.439941,3333.689941,3333.689941,5087650000,-0.796913236276614
"589",2020-08-12,3355.459961,3387.889893,3355.459961,3380.350098,3380.350098,3768560000,1.39965497169192
"590",2020-08-13,3372.949951,3387.23999,3363.350098,3373.429932,3373.429932,3648810000,-0.20471743456674
"591",2020-08-14,3368.659912,3378.51001,3361.639893,3372.850098,3372.850098,3193400000,-0.0171882627381667
"592",2020-08-15,3372.69212937533,3384.89733540751,3363.37400334316,3375.22855701072,3375.22855701072,3614502466.48794,0.0705177799669983
"593",2020-08-16,3377.90267934584,3388.44242812869,3368.88555379893,3379.68291762198,3379.68291762198,3682846997.31904,0.131972117918
"594",2020-08-17,3380.860107,3387.590088,3379.219971,3381.98999,3381.98999,3671290000,0.0682629830741318
"595",2020-08-18,3387.040039,3395.060059,3370.149902,3389.780029,3389.780029,3881310000,0.23033891356964
"596",2020-08-19,3392.51001,3399.540039,3369.659912,3374.850098,3374.850098,3884480000,-0.44043952328094
"597",2020-08-20,3360.47998,3390.800049,3354.689941,3385.51001,3385.51001,3642850000,0.31586327364043
"598",2020-08-21,3386.01001,3399.959961,3379.310059,3397.159912,3397.159912,3705420000,0.344110694270259
"599",2020-08-22,3397.89829549598,3413.95473326005,3389.42743664611,3408.9422217319,3408.9422217319,3720610509.38338,0.346828234087079
"600",2020-08-23,3416.04497559249,3431.49710308847,3408.11570834316,3427.96364056568,3427.96364056568,3723095790.88472,0.557985955658578
"601",2020-08-24,3418.090088,3432.090088,3413.129883,3431.280029,3431.280029,3728690000,0.0967451461582416
"602",2020-08-25,3435.949951,3444.209961,3425.840088,3443.620117,3443.620117,3619300000,0.359635118547765
"603",2020-08-26,3449.969971,3481.070068,3444.149902,3478.72998,3478.72998,3754360000,1.01956260583665
"604",2020-08-27,3485.139893,3501.379883,3468.350098,3484.550049,3484.550049,3929560000,0.167304419528413
"605",2020-08-28,3494.689941,3509.22998,3484.320068,3508.01001,3508.01001,3855880000,0.673256537289013
"606",2020-08-29,3491.60190859517,3507.54808708043,3475.74971585791,3498.16506208043,3498.16506208043,3996439839.14209,-0.280641956308745
"607",2020-08-30,3503.57706156989,3518.78721701075,3483.0717458172,3505.3247517957,3505.3247517957,4152015591.39785,0.204669865149559
"608",2020-08-31,3509.72998,3514.77002,3493.25,3500.310059,3500.310059,4342290000,-0.143059292669803
"609",2020-09-01,3507.439941,3528.030029,3494.600098,3526.649902,3526.649902,4083110000,0.752500280147331
"610",2020-09-02,3543.76001,3588.110107,3535.22998,3580.840088,3580.840088,4285190000,1.53659102847912
"611",2020-09-03,3564.73999,3564.850098,3427.409912,3455.060059,3455.060059,4898680000,-3.51258436313619
"612",2020-09-04,3453.600098,3479.149902,3349.629883,3426.959961,3426.959961,4431440000,-0.813302736281028
"613",2020-09-05,3475.16057825566,3495.83348655016,3394.36926317152,3441.3531783754,3441.3531783754,4473068478.9644,0.419999578028445
"614",2020-09-06,3438.04637085306,3459.21603263673,3373.36487380816,3407.91046326122,3407.91046326122,4422757918.36735,-0.971789682161209
"615",2020-09-07,3400.65384707541,3422.24432013115,3352.51696041311,3374.37530023279,3374.37530023279,4369679803.27869,-0.984038852838488
"616",2020-09-08,3371.879883,3379.969971,3329.27002,3331.840088,3331.840088,4665600000,-1.26053590511559
"617",2020-09-09,3369.820068,3424.77002,3366.840088,3398.959961,3398.959961,3920830000,2.01449863220447
"618",2020-09-10,3412.560059,3425.550049,3329.25,3339.189941,3339.189941,4192250000,-1.75847967277658
"619",2020-09-11,3352.699951,3368.949951,3310.469971,3340.969971,3340.969971,3704450000,0.0533072401226396
"620",2020-09-12,3375.03189345206,3397.63326070685,3339.2991574,3360.38957086301,3360.38957086301,4001465863.0137,0.581256342666299
"621",2020-09-13,3377.10302271003,3402.16833338753,3353.62923061789,3372.27321913008,3372.27321913008,4073579701.89702,0.353639005730389
"622",2020-09-14,3363.560059,3402.929932,3363.560059,3383.540039,3383.540039,3832130000,0.334101632275953
"623",2020-09-15,3407.72998,3419.47998,3389.25,3401.199951,3401.199951,4051460000,0.52193595454598
"624",2020-09-16,3411.22998,3428.919922,3384.449951,3385.48999,3385.48999,4710030000,-0.461894661482077
"625",2020-09-17,3346.860107,3375.169922,3328.820068,3357.01001,3357.01001,4371940000,-0.84123657385264
"626",2020-09-18,3357.379883,3362.27002,3292.399902,3319.469971,3319.469971,7068700000,-1.1182581788012
"627",2020-09-19,3339.15789863539,3352.7294131555,3294.54237492493,3324.25826101609,3324.25826101609,5340858471.84987,0.144248631797166
"628",2020-09-20,3313.23727964075,3326.26271042895,3266.95644931903,3303.53975514745,3303.53975514745,4918549329.75871,-0.623251993131831
"629",2020-09-21,3285.570068,3285.570068,3229.100098,3281.060059,3281.060059,4828350000,-0.680473002101035
"630",2020-09-22,3295.75,3320.310059,3270.949951,3315.570068,3315.570068,3963300000,1.05179449261645
"631",2020-09-23,3320.110107,3323.350098,3232.570068,3236.919922,3236.919922,4364500000,-2.37214549495082
"632",2020-09-24,3226.139893,3278.699951,3209.449951,3246.590088,3246.590088,4599470000,0.298745913801444
"633",2020-09-25,3236.659912,3306.879883,3228.439941,3298.459961,3298.459961,3792220000,1.59767237606376
"634",2020-09-26,3281.19034060858,3323.66759835925,3262.65057761394,3302.06079115013,3302.06079115013,4080218391.42091,0.109167011050882
"635",2020-09-27,3312.01674413941,3345.38830733512,3298.49001041287,3326.57236138874,3326.57236138874,4024615764.07507,0.742311295549119
"636",2020-09-28,3333.899902,3360.73999,3332.909912,3351.600098,3351.600098,3946060000,0.752358099939595
"637",2020-09-29,3350.919922,3357.919922,3327.540039,3335.469971,3335.469971,3651880000,-0.481266455673672
"638",2020-09-30,3341.209961,3393.560059,3340.469971,3363,3363,4722530000,0.825371813848059
"639",2020-10-01,3385.870117,3397.179932,3361.389893,3380.800049,3380.800049,4070530000,0.529290782039844
"640",2020-10-02,3338.939941,3369.100098,3323.689941,3348.419922,3348.419922,3961550000,-0.957765219199448
"641",2020-10-03,3363.46417799464,3392.83628852279,3348.1224329571,3372.54535664611,3372.54535664611,4016584825.73727,0.720502063901885
"642",2020-10-04,3375.98933510992,3408.00436579625,3361.13063893566,3387.95771018499,3387.95771018499,3965547050.93834,0.456994700115792
"643",2020-10-05,3367.27002,3409.570068,3367.27002,3408.600098,3408.600098,3686920000,0.609287056711428
"644",2020-10-06,3408.73999,3431.560059,3354.540039,3360.969971,3360.969971,4443380000,-1.39735157045694
"645",2020-10-07,3384.560059,3426.26001,3384.560059,3419.439941,3419.439941,3807830000,1.73967546584784
"646",2020-10-08,3434.280029,3447.280029,3428.149902,3446.830078,3446.830078,3856190000,0.801012372569695
"647",2020-10-09,3459.669922,3482.340088,3458.070068,3477.139893,3477.139893,3939060000,0.879353327959443
"648",2020-10-10,3460.30942253351,3485.94595532976,3451.51545589544,3473.66853970509,3473.66853970509,3812630107.23861,-0.099833581671367
"649",2020-10-11,3484.1373152815,3512.0615549866,3472.32212464343,3495.6586222681,3495.6586222681,3700352278.82038,0.633050687238827
"650",2020-10-12,3500.02002,3549.850098,3499.610107,3534.219971,3534.219971,3428970000,1.103121125337
"651",2020-10-13,3534.01001,3534.01001,3500.860107,3511.929932,3511.929932,3605150000,-0.630691897587038
"652",2020-10-14,3515.469971,3527.939941,3480.550049,3488.669922,3488.669922,3840630000,-0.662314181956178
"653",2020-10-15,3453.719971,3489.080078,3440.889893,3483.340088,3483.340088,3717640000,-0.152775531052379
"654",2020-10-16,3493.5,3515.76001,3480.449951,3483.810059,3483.810059,4675890000,0.0134919642678308
"655",2020-10-17,3481.94545920107,3504.13474540483,3456.81140763539,3470.24618887131,3470.24618887131,4150704289.54424,-0.389340116107823
"656",2020-10-18,3475.02744326542,3495.51767245576,3441.22210065147,3452.56046389008,3452.56046389008,4090749490.61662,-0.509638913744751
"657",2020-10-19,3493.659912,3502.419922,3419.929932,3426.919922,3426.919922,4086200000,-0.742652942888393
"658",2020-10-20,3439.379883,3476.929932,3435.649902,3443.120117,3443.120117,3901260000,0.472733398174803
"659",2020-10-21,3439.909912,3464.860107,3433.060059,3435.560059,3435.560059,4097750000,-0.219569975577475
"660",2020-10-22,3438.5,3460.530029,3415.340088,3453.48999,3453.48999,4163630000,0.521892520930606
"661",2020-10-23,3464.899902,3466.459961,3440.449951,3465.389893,3465.389893,3646570000,0.344576154396208
"662",2020-10-24,3437.38400360322,3447.7354255067,3404.11231443164,3427.83194635657,3427.83194635657,3984857506.70241,-1.08380147120812
"663",2020-10-25,3419.98974140215,3428.28259902681,3375.51192479893,3399.33122963539,3399.33122963539,4097737131.36729,-0.831450233476967
"664",2020-10-26,3441.419922,3441.419922,3364.860107,3400.969971,3400.969971,3988080000,0.048207757759074
"665",2020-10-27,3403.149902,3409.51001,3388.709961,3390.679932,3390.679932,3946990000,-0.302561889335776
"666",2020-10-28,3342.47998,3342.47998,3268.889893,3271.030029,3271.030029,5129860000,-3.52878789504099
"667",2020-10-29,3277.169922,3341.050049,3259.820068,3310.110107,3310.110107,4903070000,1.19473308571084
"668",2020-10-30,3293.590088,3304.929932,3233.939941,3269.959961,3269.959961,4840450000,-1.21295499853896
"669",2020-10-31,3318.66986556032,3348.68344993298,3283.44590333244,3316.04232259786,3316.04232259786,4669561957.10456,1.409263787553
"670",2020-11-01,3329.73639352011,3367.23660516354,3307.35644383914,3339.37536374263,3339.37536374263,4546588659.51743,0.703641234786569
"671",2020-11-02,3296.199951,3330.139893,3279.73999,3310.23999,3310.23999,4310590000,-0.87247974752902
"672",2020-11-03,3336.25,3389.48999,3336.25,3369.159912,3369.159912,4220070000,1.77992901354563
"673",2020-11-04,3406.459961,3486.25,3405.169922,3443.439941,3443.439941,4783040000,2.20470476142837
"674",2020-11-05,3485.73999,3529.050049,3485.73999,3510.449951,3510.449951,4841190000,1.94601942093231
"675",2020-11-06,3508.340088,3521.580078,3484.340088,3509.439941,3509.439941,4833950000,-0.0287715254197614
"676",2020-11-07,3503.02102164075,3538.2281470992,3484.15802892493,3507.27567052279,3507.27567052279,5524404530.8311,-0.0616699676756924
"677",2020-11-08,3535.92452655228,3573.60651401072,3511.56782181233,3530.37839489544,3530.37839489544,6277049705.09383,0.658708540273118
"678",2020-11-09,3583.040039,3645.98999,3547.47998,3550.5,3550.5,8556610000,0.569956045891606
"679",2020-11-10,3543.26001,3557.219971,3511.909912,3545.530029,3545.530029,6024230000,-0.139979467680608
"680",2020-11-11,3563.219971,3581.159912,3557,3572.659912,3572.659912,4609970000,0.765185537228461
"681",2020-11-12,3562.669922,3569.02002,3518.580078,3537.01001,3537.01001,4890120000,-0.997853220796576
"682",2020-11-13,3552.570068,3593.659912,3552.570068,3585.149902,3585.149902,4709670000,1.36103352447114
"683",2020-11-14,3571.45796391421,3597.00850373727,3556.83706904021,3581.31855950938,3581.31855950938,4988409195.71045,-0.106867009618735
"684",2020-11-15,3586.27006994102,3609.34459438874,3572.42843205362,3595.53409379089,3595.53409379089,5025399705.09383,0.396935766681676
"685",2020-11-16,3600.159912,3628.51001,3600.159912,3626.909912,3626.909912,5281980000,0.87263303283085
"686",2020-11-17,3610.310059,3623.110107,3588.679932,3609.530029,3609.530029,4799570000,-0.479192574993301
"687",2020-11-18,3612.090088,3619.090088,3567.330078,3567.790039,3567.790039,5274450000,-1.15638295469629
"688",2020-11-19,3559.409912,3585.219971,3543.840088,3581.870117,3581.870117,4347200000,0.394644243245502
"689",2020-11-20,3579.310059,3581.22998,3556.850098,3557.540039,3557.540039,4218970000,-0.67925628806378
"690",2020-11-21,3582.69298693699,3598.08467398356,3563.87197627397,3580.96900008219,3580.96900008219,4721176849.31507,0.658571957739026
"691",2020-11-22,3584.69006385434,3605.2053552605,3569.83149612605,3591.72526584594,3591.72526584594,4997789019.60784,0.300373048845144
"692",2020-11-23,3566.820068,3589.810059,3552.77002,3577.590088,3577.590088,5036290000,-0.393548414750738
"693",2020-11-24,3594.52002,3642.310059,3594.52002,3635.409912,3635.409912,6267570000,1.61616682117776
"694",2020-11-25,3635.5,3635.5,3617.76001,3629.649902,3629.649902,4902560000,-0.158441830204262
"695",2020-11-26,3623.71933292051,3636.49969600256,3611.5120594641,3629.15150114872,3629.15150114872,4501486717.94872,-0.0137313753320219
"696",2020-11-27,3638.550049,3644.310059,3629.330078,3638.350098,3638.350098,2778450000,0.253464118220751
"697",2020-11-28,3635.7360422233,3646.20152766343,3620.65132144337,3637.603689589,3637.603689589,4448006893.20388,-0.0205150244176118
"698",2020-11-29,3640.01481892082,3651.56246509091,3620.94463390909,3641.19831962757,3641.19831962757,5177643519.06158,0.0988186274622645
"699",2020-11-30,3634.179932,3634.179932,3594.389893,3621.629883,3621.629883,6291400000,-0.537417490337823
"700",2020-12-01,3645.870117,3678.449951,3645.870117,3662.449951,3662.449951,5403660000,1.12711870949625
"701",2020-12-02,3653.780029,3670.959961,3644.840088,3669.01001,3669.01001,5029620000,0.179116686583218
"702",2020-12-03,3668.280029,3682.72998,3657.169922,3666.719971,3666.719971,5091760000,-0.062415719601702
"703",2020-12-04,3670.939941,3699.199951,3670.939941,3699.120117,3699.120117,5086370000,0.883627499679603
"704",2020-12-05,3673.27202668365,3691.77053776676,3664.14744252547,3684.44386337265,3684.44386337265,5006098900.80429,-0.3967498530231
"705",2020-12-06,3681.47792758177,3695.93111623324,3668.48928987668,3687.02116431635,3687.02116431635,4883617694.36997,0.0699508810358318
"706",2020-12-07,3694.72998,3697.409912,3678.879883,3691.959961,3691.959961,4788560000,0.133950863408224
"707",2020-12-08,3683.050049,3708.449951,3678.830078,3702.25,3702.25,4549670000,0.278714804838047
"708",2020-12-09,3705.97998,3712.389893,3660.540039,3672.820068,3672.820068,5209940000,-0.794920170166791
"709",2020-12-10,3659.129883,3678.48999,3645.179932,3668.100098,3668.100098,4618240000,-0.128510787694817
"710",2020-12-11,3656.080078,3665.909912,3633.399902,3663.459961,3663.459961,4367150000,-0.126499737630657
"711",2020-12-12,3670.7578007319,3686.47290158445,3649.74878379893,3670.7392080563,3670.7392080563,4551576541.55496,0.198698692869388
"712",2020-12-13,3675.24631574531,3693.98688956032,3654.99392980161,3672.1000648311,3672.1000648311,4534744664.87936,0.0370730988410321
"713",2020-12-14,3675.27002,3697.610107,3645.840088,3647.48999,3647.48999,4594920000,-0.670190746346984
"714",2020-12-15,3666.409912,3695.290039,3659.620117,3694.620117,3694.620117,4360280000,1.29212491683904
"715",2020-12-16,3696.25,3711.27002,3688.570068,3701.169922,3701.169922,4056950000,0.177279525163158
"716",2020-12-17,3713.649902,3725.120117,3710.870117,3722.47998,3722.47998,4184930000,0.575765459276312
"717",2020-12-18,3722.389893,3726.699951,3685.840088,3709.409912,3709.409912,7068340000,-0.351111841305322
"718",2020-12-19,3704.38954525203,3715.16983111111,3679.0958816206,3703.44109125474,3703.44109125474,5204237262.87263,-0.160910249523733
"719",2020-12-20,3697.32609888493,3709.22427545753,3668.68996056164,3698.31853535068,3698.31853535068,4718154356.16438,-0.138318816955261
"720",2020-12-21,3684.280029,3702.899902,3636.47998,3694.919922,3694.919922,4732160000,-0.0918961770923257
"721",2020-12-22,3698.080078,3698.26001,3676.159912,3687.26001,3687.26001,4023940000,-0.207309283061645
"722",2020-12-23,3693.419922,3711.23999,3689.280029,3690.01001,3690.01001,3772630000,0.0745811250777512
"723",2020-12-24,3694.030029,3703.820068,3689.320068,3703.060059,3703.060059,1885090000,0.353658905115001
"724",2020-12-25,3701.71588139934,3713.43118117162,3692.11009507921,3704.453569967,3704.453569967,3004834752.47525,0.0376313358356181
"725",2020-12-26,3713.24776815353,3725.7692343527,3704.09927794191,3715.4797626888,3715.4797626888,3155702323.65145,0.297646940730804
"726",2020-12-27,3724.88107734667,3738.22695314667,3716.26135408,3726.64966781333,3726.64966781333,3304988266.66667,0.300631569486829
"727",2020-12-28,3723.030029,3740.51001,3723.030029,3735.360107,3735.360107,3527460000,0.233733781361247
"728",2020-12-29,3750.01001,3756.120117,3723.310059,3727.040039,3727.040039,3387030000,-0.222738042964273
"729",2020-12-30,3736.189941,3744.629883,3730.209961,3732.040039,3732.040039,3145200000,0.134154716549317
"730",2020-12-31,3733.27002,3760.199951,3726.879883,3756.070068,3756.070068,3172510000,0.643884544347998
