"","date","price","returns","returns_abs","returns_sq","returns_cube"
"1616","2019-01-01",9401.674578,0,0.360777691568001,0.130160542733135,-0.0469590201404987
"1617","2019-01-02",9707.099083,3.24861813144113,2.88784043987313,8.33962240616661,24.0834988378
"1618","2019-01-03",10069.57668,3.73414955282373,3.37337186125573,11.379637714312,38.3877496567444
"1619","2019-01-04",9735.195988,-3.32070257396362,3.68148026553162,13.5532969454988,-49.8961952377438
"1620","2019-01-05",9884.122463,1.5297737732612,1.1689960816932,1.36655183901404,1.59749374523805
"1621","2019-01-06",9833.276351,-0.514422116787155,0.875199808355156,0.765974704544901,-0.670380914622594
"1622","2019-01-07",10318.21741,4.93163256772177,4.57085487615377,20.8927142988587,95.4975650290258
"1623","2019-01-08",10198.60787,-1.15920740227938,1.51998509384738,2.31035468551822,-3.51170468348815
"1624","2019-01-09",10204.74677,0.0601935095284718,0.300584182039529,0.0903508504923727,-0.0271580364918256
"1625","2019-01-10",10280.70146,0.744307445465406,0.383529753897405,0.147095072124604,0.0564153368114704
"1626","2019-01-11",9205.821717,-10.4553152057,10.816092897268,116.987865562331,-1265.35162177527
"1627","2019-01-12",9136.557934,-0.752391096952202,1.1131687885202,1.23914475173554,-1.37937726209061
"1628","2019-01-13",9108.736653,-0.304505057604557,0.665282749172558,0.442601136346597,-0.294454900775562
"1629","2019-01-14",8731.71918,-4.13907534450266,4.49985303607066,20.2486773462344,-91.1160722328679
"1630","2019-01-15",9247.245035,5.90405903319488,5.54328134162688,30.7279680324287,170.333771860269
"1631","2019-01-16",8982.009375,-2.8682668080721,3.2290444996401,10.426728380656,-33.6683699267986
"1632","2019-01-17",9107.649033,1.39879232757982,1.03801463601182,1.07747438457475,1.11843418111641
"1633","2019-01-18",9149.210868,0.456339883645146,0.0955621920771449,0.00913213255458914,0.000872686605255596
"1634","2019-01-19",9055.223018,-1.02727821400126,1.38805590556926,1.9266991969857,-2.67436619863155
"1635","2019-01-20",9247.065152,2.11857989161232,1.75780220004432,3.08986857448066,5.43137777806993
"1636","2019-01-21",8911.628594,-3.62749210139878,3.98826979296678,15.9062959414913,-63.43859962144
"1637","2019-01-22",8892.60229,-0.213499741369485,0.574277432937486,0.329794569981268,-0.189393579045565
"1638","2019-01-23",8999.530967,1.20244528556331,0.841667593995308,0.708404338781851,0.596240975398358
"1639","2019-01-24",8948.408964,-0.568051859451982,0.928829551019982,0.862724334847982,-0.801323856590864
"1640","2019-01-25",8980.575927,0.359471310815245,0.00130638075275591,1.7066306711711e-06,-2.22950946088082e-09
"1641","2019-01-26",8964.320481,-0.18100672086216,0.541784412430161,0.293530349552294,-0.159030167962609
"1642","2019-01-27",8967.97257,0.0407402770543501,0.320037414513651,0.102423946688582,-0.0327794950824978
"1643","2019-01-28",8889.918031,-0.870369956985726,1.23114764855373,1.51572453253937,-1.86608069409104
"1644","2019-01-29",8488.340942,-4.517219254437,4.877996946005,23.7948542052341,-116.071226143766
"1645","2019-01-30",8427.141896,-0.720977708343345,1.08175539991135,1.17019474523736,-1.26586448460839
"1646","2019-01-31",8672.283768,2.90895626328967,2.54817857172167,6.49321403338151,16.5458688614652
"1647","2019-02-01",8726.195976,0.621661023119805,0.260883331551804,0.0680601126815685,0.0177557489421588
"1648","2019-02-02",8785.661176,0.681456159861046,0.320678468293045,0.102834680026774,0.0329768676783912
"1649","2019-02-03",8858.248441,0.826201506589948,0.465423815021947,0.216619327589584,0.100819793854233
"1650","2019-02-04",8766.779005,-1.03259054664393,1.39336823821193,1.94147504725782,-2.70518966613006
"1651","2019-02-05",8784.920991,0.206940154299014,0.153837537268987,0.023665987872987,-0.00364071729141802
"1652","2019-02-06",8793.127435,0.0934151144717957,0.267362577096205,0.0714827476315242,-0.0191118116246819
"1653","2019-02-07",8607.288523,-2.11345637116882,2.47423406273682,6.12183419720716,-15.1468506971571
"1654","2019-02-08",8612.979153,0.0661140844157219,0.294663607152279,0.0868266413799925,-0.0255846513459459
"1655","2019-02-09",9331.149128,8.33822957472098,7.97745188315298,63.6397385480211,507.682952123274
"1656","2019-02-10",9407.476359,0.817983186775633,0.457205495207633,0.209036864848057,0.0955728033095067
"1657","2019-02-11",9464.571812,0.606915721296259,0.246138029728258,0.060583929678509,0.0149120090842636
"1658","2019-02-12",9326.06602,-1.46341318710679,1.82419087867479,3.3276723618403,-6.07030956968727
"1659","2019-02-13",9365.615993,0.424079916603456,0.0633022250354551,0.0040071716944394,0.000253662884357108
"1660","2019-02-14",9288.950522,-0.818584394847079,1.17936208641508,1.39089493087333,-1.64036874765893
"1661","2019-02-15",9221.470286,-0.726457050666584,1.08723474223458,1.1820793847219,-1.28519777514893
"1662","2019-02-16",9259.721608,0.414807192493729,0.0540295009257286,0.00291918697028331,0.000157722215113297
"1663","2019-02-17",9312.820816,0.573442812299284,0.212665120731283,0.0452264535756511,0.00961808920991359
"1664","2019-02-18",9531.346823,2.34650715736482,1.98572946579681,3.9431215113337,7.8299725722726
"1665","2019-02-19",10157.48788,6.56928206084229,6.20850436927429,38.545526503298,239.310069711703
"1666","2019-02-20",10231.64758,0.730098828333528,0.369321136765528,0.136398102061782,0.0503747021061176
"1667","2019-02-21",10489.34327,2.51861382035598,2.15783612878798,4.65625675870271,10.0474390588419
"1668","2019-02-22",10282.06551,-1.97607948052213,2.33685717209013,5.46090144274909,-12.7613467025655
"1669","2019-02-23",10419.76865,1.33925561810586,0.978477926537856,0.957419052721822,0.936813409535087
"1670","2019-02-24",10846.13902,4.0919370124403,3.73115932087229,13.9215498777322,51.9435205872891
"1671","2019-02-25",9794.542792,-9.69558131295278,10.0563590045208,101.130356427806,-1017.00317049317
"1672","2019-02-26",10031.69096,2.42122754513562,2.06044985356762,4.24545359906684,8.7475442465254
"1673","2019-02-27",9942.999594,-0.884111824752615,1.24488951632062,1.54974990784498,-1.92926741319505
"1674","2019-02-28",9949.724474,0.0676343183606063,0.293143373207394,0.0859330372554097,-0.0251907004110075
"1675","2019-03-01",9948.993565,-0.00734602251459173,0.368123714082592,0.135515068869962,-0.0498863104665688
"1676","2019-03-02",9980.02694,0.311924767035459,0.0488529245325416,0.00238660823538221,-0.000116592792011869
"1677","2019-03-03",9950.494211,-0.295918329454935,0.656696021022936,0.431249664027356,-0.283199938434243
"1678","2019-03-04",9895.53097,-0.552366946148656,0.913144637716657,0.833833129390684,-0.761410250853602
"1679","2019-03-05",9611.843285,-2.86682630634017,3.22760399790817,10.4174275673128,-33.6233308641777
"1680","2019-03-06",10075.29815,4.82170642256783,4.46092873099983,19.8998851430597,88.7719693782719
"1681","2019-03-07",10117.88343,0.422670171800319,0.061892480232318,0.00383067910930787,0.000237090231049191
"1682","2019-03-08",10136.68205,0.185795973338265,0.174981718229735,0.0306186017146305,-0.00535769553781796
"1683","2019-03-09",10058.41117,-0.772154829498673,1.13293252106667,1.28353609729049,-1.45415978658339
"1684","2019-03-10",10291.95744,2.32190020921565,1.96112251764765,3.84600152922467,7.54248020186981
"1685","2019-03-11",10263.97973,-0.271840513946014,0.632618205514015,0.400205793947772,-0.253177471203551
"1686","2019-03-12",10099.35046,-1.60395162822481,1.96472931979281,3.86016130005352,-7.58417208534469
"1687","2019-03-13",10177.32239,0.772048958087149,0.411271266519148,0.169144054664264,0.0695640895859561
"1688","2019-03-14",10143.67396,-0.330621638094726,0.691399329662726,0.478033033058067,-0.330511718612988
"1689","2019-03-15",10186.29674,0.420190753055313,0.0594130614873123,0.00352991187529516,0.000209722871291705
"1690","2019-03-16",10365.10845,1.75541430378554,1.39463661221754,1.94501128013761,2.71258394245601
"1691","2019-03-17",10603.62021,2.30110240669985,1.94032471513185,3.76486000015149,7.30505090730523
"1692","2019-03-18",10510.44648,-0.878697351986719,1.23947504355472,1.53629838359498,-1.90420350591943
"1693","2019-03-19",10518.16491,0.0734357956599289,0.287341895908072,0.0825653651440452,-0.0237244885568322
"1694","2019-03-20",10583.17916,0.618114001409017,0.257336309841017,0.0662219763625917,0.0170413190275284
"1695","2019-03-21",10670.79362,0.827865225329897,0.467087533761896,0.218170764195771,0.101904844187151
"1696","2019-03-22",10476.66685,-1.81923460347086,2.18001229503886,4.7524536065206,-10.3604072938167
"1697","2019-03-23",10541.63881,0.620158691024911,0.25938099945691,0.0672785028792657,0.0174507653187885
"1698","2019-03-24",10609.16279,0.640545376454612,0.279767684886611,0.078269957506814,0.0218974048078548
"1699","2019-03-25",10558.90173,-0.473751425959604,0.834529117527605,0.696438848001403,-0.581198497234552
"1700","2019-03-26",10478.84798,-0.75816360495666,1.11894129652466,1.25202962506829,-1.4009476519612
"1701","2019-03-27",10381.57622,-0.928267689212146,1.28904538078015,1.66163799371063,-2.14192678032148
"1702","2019-03-28",10708.37849,3.14790608935103,2.78712839778303,7.76808470572859,21.6506494797202
"1703","2019-03-29",10650.43764,-0.541079585990605,0.901857277558606,0.813346549085421,-0.733522504469865
"1704","2019-03-30",10862.01323,1.98654362526271,1.62576593369471,2.64311487116223,4.29708611637744
"1705","2019-03-31",10851.86011,-0.0934736478865516,0.454251339454552,0.206344279396255,-0.0937321653045332
"1706","2019-04-01",10881.37184,0.2719508886113,0.088826802956701,0.00789020092350858,-0.000700861322721277
"1707","2019-04-02",10992.27916,1.01924023579733,0.658462544229329,0.433572922152961,0.285491529429784
"1708","2019-04-03",12891.13607,17.2744603949815,16.9136827034135,286.072662591748,4838.54224519747
"1709","2019-04-04",13086.99518,1.51933164723782,1.15855395566982,1.34224726819818,1.555065882058
"1710","2019-04-05",12849.75134,-1.81282132939549,2.17359902096349,4.72453270393343,-10.2692396597797
"1711","2019-04-06",13302.0045,3.5195479510345,3.1587702594665,9.97782955209006,31.517671243168
"1712","2019-04-07",13343.78718,0.314108148136623,0.0466695434313777,0.00217804628409325,-0.000101648425651041
"1713","2019-04-08",13683.22132,2.54376164293712,2.18298395136912,4.76541893193515,10.402833049965
"1714","2019-04-09",13834.15546,1.10305999201655,0.742282300448553,0.550983013559196,0.408984938812796
"1715","2019-04-10",13549.16019,-2.06008433853467,2.42086203010267,5.86057296879284,-14.1876385747967
"1716","2019-04-11",13870.0089317887,2.36803416071132,2.00725646914332,4.02907853291771,8.08739394988556
"1717","2019-04-12",13029.6948680326,-6.05849691870192,6.41927461026992,41.207086522056,-264.51960427423
"1718","2019-04-13",13082.5552268194,0.405691455726175,0.044913764158174,0.00201724621085608,9.06021205633599e-05
"1719","2019-04-14",13038.2624610729,-0.338563567885423,0.699341259453424,0.489078197173901,-0.342032562382806
"1720","2019-04-15",13285.3341469936,1.89497401711585,1.53419632554785,2.35375836532451,3.61112743530836
"1721","2019-04-16",13005.7473581696,-2.10447690461192,2.46525459617992,6.07748022398621,-14.9825360553745
"1722","2019-04-17",13372.8329339469,2.82248736399385,2.46170967242585,6.06001451131497,14.9179963375451
"1723","2019-04-18",13398.5186133726,0.192073583455133,0.168704108112867,0.028461076094158,-0.00480150045839737
"1724","2019-04-19",13624.4486831199,1.68623171162972,1.32545402006172,1.75682835929776,2.32859521138965
"1725","2019-04-20",13622.8294716556,-0.0118846017329573,0.372662293300958,0.138877184848329,-0.0517542901927595
"1726","2019-04-21",13646.3002256915,0.172289861549951,0.18848783001805,0.0355276620649132,-0.00669653192823009
"1727","2019-04-22",13490.4833342203,-1.14182517527973,1.50260286684773,2.25781537545903,-3.39259985597763
"1728","2019-04-23",13620.3531413736,0.962677199443766,0.601899507875765,0.362283017581088,0.218057969993804
"1729","2019-04-24",13805.9534806514,1.36266906849878,1.00189137693078,1.00378633116826,1.00568486947846
"1730","2019-04-25",13420.7670872761,-2.79000210970671,3.15077980127471,9.92741335612071,-31.2790934813699
"1731","2019-04-26",12789.3059434556,-4.70510470611752,5.06588239768552,25.66316446718,-130.006573143196
"1732","2019-04-27",12990.1840589664,1.57067253218375,1.20989484061575,1.46384552534861,1.77109914857773
"1733","2019-04-28",12993.8285623432,0.0280558255391612,0.332721866028839,0.110703840133713,-0.0368335882658473
"1734","2019-04-29",12914.1124207778,-0.613492329708139,0.97427002127614,0.94920207435741,-0.92477912517955
"1735","2019-04-30",12697.6684456663,-1.6760267222334,2.0368044138014,4.14857222008087,-8.4498302088346
"1736","2019-05-01",13078.7144847367,3.00091344092742,2.64013574935941,6.9703167750456,18.4025825021575
"1737","2019-05-02",13148.5360848277,0.533856750007685,0.173079058439684,0.0299563604703677,0.00518481866449103
"1738","2019-05-03",13341.1792283171,1.46512997528063,1.10435228371262,1.21959396654129,1.34686138215201
"1739","2019-05-04",13959.226509302,4.63262857359021,4.27185088202221,18.2487099582339,77.955767730849
"1740","2019-05-05",14042.0108104657,0.593043612470467,0.232265920902466,0.0539474580126707,0.0125301560156601
"1741","2019-05-06",13938.1869327034,-0.739380414697572,1.10015810626557,1.21034785878185,-1.33157400824003
"1742","2019-05-07",13978.6045581291,0.28997763927866,0.070800052289341,0.00501264740417342,-0.000354895698323508
"1743","2019-05-08",14233.2394261869,1.82160434540456,1.46082665383656,2.13401451255931,3.11742527962068
"1744","2019-05-09",14345.1981535074,0.786600463661937,0.425822772093936,0.181325033233764,0.0772123283016266
"1745","2019-05-10",14736.9145642074,2.73064482280592,2.36986713123792,5.61627021972186,13.3098141938692
"1746","2019-05-11",15098.8873607358,2.45623189950188,2.09545420793388,4.39092833754779,9.20098926165061
"1747","2019-05-12",17372.5751916312,15.058644895968,14.6978672044,216.027300358177,3175.14057318952
"1748","2019-05-13",16452.6569409294,-5.29523251765777,5.65601020922577,31.9904514868661,-180.938320207456
"1749","2019-05-14",18191.4835798735,10.5686676941425,10.2078900025745,104.201018304661,1063.67253301023
"1750","2019-05-15",19150.4853716655,5.27170743156436,4.91092973999636,24.1172309111807,118.438026528077
"1751","2019-05-16",20059.1837464504,4.74504095927188,4.38426326770388,19.2217644005375,84.2732756017344
"1752","2019-05-17",19548.5470157932,-2.54565059631382,2.90642828788182,8.44732539259965,-24.551545477994
"1753","2019-05-18",18195.3357496535,-6.92231123390626,7.28308892547426,53.0433842963659,-386.319684738538
"1754","2019-05-19",17937.7048477499,-1.41591727379092,1.77669496535892,3.15664499993173,-5.6083952788041
"1755","2019-05-20",20046.58763064,11.7567035514838,11.3959258599158,129.867126204698,1479.95614186907
"1756","2019-05-21",19490.5666542174,-2.77364400698677,3.13442169855478,9.824599384371,-30.7944374899803
"1757","2019-05-22",19546.0343336326,0.284587310360204,0.0761903812077967,0.00580497418858938,-0.000442283196330045
"1758","2019-05-23",18751.8450766664,-4.06317334457788,4.42395103614589,19.5713427702163,-86.5826621270645
"1759","2019-05-24",19155.5147683492,2.15269318849643,1.79191549692843,3.21096114813225,5.75377104137328
"1760","2019-05-25",19430.5103526343,1.43559485407032,1.07481716250232,1.15523193280954,1.24166310805442
"1761","2019-05-26",19552.9230227669,0.630002341220041,0.26922464965204,0.0724819119802639,0.0195139173589966
"1762","2019-05-27",20926.8001411315,7.0264538798874,6.6656761883194,44.4312390475283,296.164252136637
"1763","2019-05-28",21627.6837986176,3.34921561232152,2.98843792075352,8.93076120619761,26.6890254497954
"1764","2019-05-29",21468.0816394271,-0.737953082154375,1.09873077372238,1.20720931312457,-1.32639802265422
"1765","2019-05-30",21296.08323763,-0.801181981166017,1.16195967273402,1.35015028106015,-1.56882017872239
"1766","2019-05-31",20411.0397072212,-4.15589815522948,4.51667584679748,20.4003607050437,-92.1418164624272
"1767","2019-06-01",21216.4441579805,3.94592564765016,3.58514795608216,12.8532858670001,46.080931555015
"1768","2019-06-02",21006.0374952079,-0.991715016926882,1.35249270849488,1.82923652653182,-2.4740290642468
"1769","2019-06-03",21464.3517785094,2.18182169486299,1.82104400329499,3.31620126193665,6.03894842176903
"1770","2019-06-04",20046.2006677971,-6.60700646982587,6.96778416139387,48.5500161197713,-338.28603335476
"1771","2019-06-05",18833.2263186572,-6.05089397857052,6.41167167013852,41.1095336056569,-263.580831991998
"1772","2019-06-06",19218.1550628104,2.04388105171268,1.68310336014468,2.8328369209303,4.76795734035969
"1773","2019-06-07",19352.6855330898,0.700017612719402,0.339239921151401,0.115083724102809,0.0390409934904466
"1774","2019-06-08",19797.2843783372,2.29734960808004,1.93657191651204,3.75031078782311,7.26274654989038
"1775","2019-06-09",19462.161922116,-1.69276982548123,2.05354751704923,4.21705740477905,-8.65992776283808
"1776","2019-06-10",18693.134589236,-3.95139725975719,4.31217495132519,18.5948528108364,-80.1842585144677
"1777","2019-06-11",19535.3816219078,4.50564900525986,4.14487131369186,17.1799582070657,71.2087159428917
"1778","2019-06-12",19300.318736777,-1.20326743382986,1.56404512539786,2.4462371542808,-3.82602529672001
"1779","2019-06-13",19912.4048546581,3.17137828773139,2.81060059616339,7.899475711154,22.2022711431477
"1780","2019-06-14",20064.2311404522,0.762470866288078,0.401693174720077,0.161357406616694,0.0648161689284582
"1781","2019-06-15",21043.5245104107,4.88079190826362,4.52001421669562,20.4305285191305,92.3462793610754
"1782","2019-06-16",21342.0318141197,1.41852332560222,1.05774563403422,1.11882582631846,1.18343313303308
"1783","2019-06-17",21801.9154804164,2.15482607420932,1.79404838264132,3.21860959925795,5.77434134590256
"1784","2019-06-18",22461.9155125748,3.02725709009948,2.66647939853148,7.11011238279279,18.9589681899605
"1785","2019-06-19",21866.4359726046,-2.65106303884384,3.01184073041184,9.07118458536774,-27.3209632072946
"1786","2019-06-20",22264.7213106931,1.82144606733121,1.46066837576321,2.13355210395472,3.11641208628971
"1787","2019-06-21",22784.0374946538,2.33246208975131,1.97168439818331,3.88753936603949,7.66500071534351
"1788","2019-06-22",24087.9169527718,5.72277612527609,5.36199843370809,28.751027203088,154.162962830457
"1789","2019-06-23",25544.2966431125,6.04610059556483,5.68532290399683,32.322896522711,183.766103924088
"1790","2019-06-24",25725.588946411,0.709717342510519,0.348939650942518,0.121758879999887,0.0424865010863124
"1791","2019-06-25",26082.7843696457,1.38848297692532,1.02770528535732,1.05617815355136,1.08543987068367
"1792","2019-06-26",27490.2894797922,5.39629929918261,5.03552160761461,25.3564778607537,127.683092160827
"1793","2019-06-27",29733.3762322391,8.15956032072986,7.79878262916186,60.8210104969168,474.329840151425
"1794","2019-06-28",25680.536025263,-13.6306088327155,13.9913865242835,195.758896871901,-2738.9383917021
"1795","2019-06-29",27994.5691919855,9.01084449501401,8.65006680344601,74.8236557040786,647.229620318324
"1796","2019-06-30",27518.4958864825,-1.7005916477518,2.0613693393198,4.24924355308774,-8.75926037563739
"1797","2019-07-01",25046.0393806649,-8.98470801608058,9.34548570764858,87.3381031118639,-816.216994365062
"1798","2019-07-02",24707.1957863349,-1.35288294161024,1.71366063317824,2.93663276570486,-5.03239196468977
"1799","2019-07-03",24831.2730726584,0.502190889635984,0.141413198067984,0.0199976925878148,0.0028279376628233
"1800","2019-07-04",27150.4892901981,9.33990057921507,8.97912288764707,80.6246478314675,723.938620652015
"1801","2019-07-05",25536.6561729407,-5.94402959006719,6.3048072816352,39.7505948585602,-250.619839913581
"1802","2019-07-06",25081.4288069359,-1.78264281322459,2.14342050479259,4.59425146036533,-9.84741278432035
"1803","2019-07-07",25709.7108933542,2.50496927928029,2.14419158771229,4.59755756481615,9.85804425450179
"1804","2019-07-08",26133.4647348648,1.64822484106633,1.28744714949833,1.65752016275136,2.13396960877024
"1805","2019-07-09",27676.2695660506,5.90356023144354,5.54278253987554,30.7224382843491,170.287794504894
"1806","2019-07-10",28076.0415742078,1.44445770483312,1.08368001326511,1.17436237115028,1.27263302994619
"1807","2019-07-11",27057.5261869446,-3.62770294584143,3.98848063740943,15.9079777949899,-63.4486614156564
"1808","2019-07-12",25139.5815375957,-7.08839616784449,7.44917385941249,55.4901911877544,-413.356081649622
"1809","2019-07-13",26077.6200499334,3.73132110785092,3.37054341628292,11.3605629210482,38.2912705588067
"1810","2019-07-14",25232.6609398904,-3.24016957231938,3.60094726388738,12.966821197298,-46.6928393117273
"1811","2019-07-15",22562.2683083152,-10.5830797549915,10.9438574465595,119.768015810617,-1310.72409168868
"1812","2019-07-16",23879.3328758936,5.83746522991663,5.47668753834863,29.9941063927032,164.268348704821
"1813","2019-07-17",20920.610434095,-12.3903061160702,12.7510838076382,162.590138269412,-2073.20047936876
"1814","2019-07-18",21370.3003803557,2.1495068113683,1.7887291198003,3.19955186402156,5.7231315894867
"1815","2019-07-19",23440.3856872334,9.68673940016581,9.32596170859781,86.9735617902326,811.112106916074
"1816","2019-07-20",23110.4185944411,-1.40768627784147,1.76846396940947,3.12746481109949,-5.53080883402544
"1817","2019-07-21",23585.1282380581,2.05409366202992,1.69331597046192,2.8673189758214,4.8552770141669
"1818","2019-07-22",23402.7993424541,-0.773067221698573,1.13384491326657,1.28560428734049,-1.45767588167471
"1819","2019-07-23",22771.2515015601,-2.69859956346476,3.05937725503276,9.35978918861178,-28.6351261555404
"1820","2019-07-24",21893.2063117012,-3.85593734186609,4.21671503343409,17.780685673189,-74.9760845829023
"1821","2019-07-25",21809.9819713225,-0.380137743160165,0.740915434728166,0.548955681418427,-0.40672973734463
"1822","2019-07-26",21945.3793411889,0.62080459325656,0.260026901688559,0.0676139896017515,0.0175814562269459
"1823","2019-07-27",21928.820759025,-0.0754536155719176,0.436231307139918,0.190297753329002,-0.0830138376805002
"1824","2019-07-28",20974.6242107426,-4.35133543553495,4.71211312710295,22.2040101226159,-104.627807573105
"1825","2019-07-29",21242.0540256971,1.27501600156216,0.91423830999416,0.835831687460979,0.764149349383892
"1826","2019-07-30",21104.5836755058,-0.6471612868746,1.0079389784426,1.01594098426391,-1.02400651783694
"1827","2019-07-31",21304.0113465034,0.944949561971497,0.584171870403497,0.34125677417072,0.199352608055173
"1828","2019-08-01",22332.8372991482,4.82925931605673,4.46848162448873,19.9673280283934,89.2236383850148
"1829","2019-08-02",22832.5804379519,2.23770554591718,1.87692785434918,3.52285817043182,6.61215062700508
"1830","2019-08-03",23098.9447141024,1.16659734047298,0.805819648904975,0.649345306561337,0.52325520695135
"1831","2019-08-04",23611.4540380855,2.21875644245428,1.85797875088628,3.45208503874495,6.41390064824058
"1832","2019-08-05",23910.3352117836,1.2658312919484,0.9050536003804,0.819122019561526,0.741349332955023
"1833","2019-08-06",25562.223476076,6.90867881884947,6.54790112728147,42.8750091726539,280.741320893824
"1834","2019-08-07",24800.5904473699,-2.97952574203461,3.34030343360261,11.1576270285374,-37.2698598742808
"1835","2019-08-08",25663.1831194608,3.47811345024802,3.11733575868002,9.71778223234512,30.2935900479547
"1836","2019-08-09",25648.4100007355,-0.0575654183525458,0.418343109920547,0.175010957617995,-0.0732146282800848
"1837","2019-08-10",25181.4005104596,-1.82081263619269,2.18159032776069,4.75933635817899,-10.3829221655631
"1838","2019-08-11",24271.33536043,-3.61403707332158,3.97481476488959,15.7991524151842,-62.7987042926153
"1839","2019-08-12",24821.9440476677,2.26855539285807,1.90777770129007,3.63961575753961,6.94357778349802
"1840","2019-08-13",24435.165753031,-1.55821112920864,1.91898882077664,3.68251809426574,-7.06671105520366
"1841","2019-08-14",23580.0097848084,-3.499693748206,3.860471439774,14.9032397373108,-57.5335313659932
"1842","2019-08-15",21490.9812663724,-8.85931998120659,9.22009767277459,85.0102010955034,-783.802357282751
"1843","2019-08-16",22041.1769457264,2.5601235817692,2.1993458902012,4.83712234474491,10.6385051493151
"1844","2019-08-17",22060.5337005694,0.0878208767647027,0.272956814803298,0.0745054227475619,-0.0203367628787477
"1845","2019-08-18",21902.4013560376,-0.716811055789263,1.07758874735726,1.161197508431,-1.25129336854453
"1846","2019-08-19",22243.7397894297,1.55845209775596,1.19767440618796,1.43442398323769,1.71797289234597
"1847","2019-08-20",23385.2162027687,5.13167490783827,4.77089721627027,22.7614602482154,108.592587336457
"1848","2019-08-21",22985.3482045326,-1.70991790184414,2.07069559341214,4.28778024057647,-8.87868764968136
"1849","2019-08-22",21736.655058784,-5.43256136316598,5.79333905473398,33.562777403106,-194.440549114757
"1850","2019-08-23",21846.9835565859,0.50756888538522,0.14679119381722,0.0215476545822845,0.00316300594009463
"1851","2019-08-24",22558.7218640749,3.25783330978177,2.89705561821377,8.39293125502398,24.3147886456492
"1852","2019-08-25",21861.2959386275,-3.09160212909962,3.45237982066762,11.918926426153,-41.1486610776727
"1853","2019-08-26",21687.8267098549,-0.793499293269666,1.15427698483767,1.33235535772593,-1.5379071250482
"1854","2019-08-27",22144.3052810557,2.10476862116099,1.74399092959299,3.04150436250262,5.30435602052207
"1855","2019-08-28",21837.1037013077,-1.38727124580786,1.74804893737586,3.05567508746089,-5.34146958960191
"1856","2019-08-29",20822.2656064295,-4.64731087400307,5.00808856557107,25.0809510806037,-125.607624320419
"1857","2019-08-30",20313.0907351079,-2.44533847058592,2.80611616215392,7.87428791550142,-22.0961665851418
"1858","2019-08-31",20495.6241136257,0.898599730085985,0.537822038517985,0.289252545115641,0.155566393460609
"1859","2019-09-01",20574.1035470629,0.382908239349609,0.0221305477816087,0.000489761145114067,1.08386824235223e-05
"1860","2019-09-02",20776.0201746408,0.981411545421739,0.620633853853739,0.385186380549344,0.239059707812312
"1861","2019-09-03",21885.4147719606,5.33978398169794,4.97900629012994,24.7905036371535,123.432073544877
"1862","2019-09-04",22523.0901538563,2.91370023616223,2.55292254459423,6.51741351869749,16.6384519043261
"1863","2019-09-05",22338.7256758193,-0.818557652513926,1.17933534408193,1.39083185380084,-1.64025716286231
"1864","2019-09-06",22309.2639979267,-0.131886117051387,0.492663808619388,0.242717628323361,-0.119578191188852
"1865","2019-09-07",21856.8896910096,-2.02774195939024,2.38851965095824,5.70502612301366,-13.6265670040482
"1866","2019-09-08",22213.4137800859,1.63117485660802,1.27039716504001,1.61390895694171,2.05030536353143
"1867","2019-09-09",22148.434492183,-0.292522745698595,0.653300437266596,0.426801461332725,-0.278829581314692
"1868","2019-09-10",22032.5783219427,-0.523089658012588,0.883867349580589,0.781221491654615,-0.690496169264159
"1869","2019-09-11",21645.9954581759,-1.75459657112301,2.11537426269101,4.47480827125554,-9.46589424749082
"1870","2019-09-12",21667.9741624609,0.101537045627988,0.259240645940013,0.067205712507395,-0.0174224523212759
"1871","2019-09-13",22133.6484311844,2.1491361639625,1.7883584723945,3.19822602578519,5.71957460984554
"1872","2019-09-14",22067.4884937366,-0.298911124632239,0.659688816200239,0.435189334219673,-0.287089536714347
"1873","2019-09-15",22181.3616158918,0.516022120902074,0.155244429334073,0.024100832839262,0.00374152004060711
"1874","2019-09-16",22099.8194718652,-0.367615592940783,0.728393284508784,0.530556776917495,-0.386453993357328
"1875","2019-09-17",22139.5620582977,0.179832176833359,0.180945514734642,0.0327412793025844,-0.00592438763647679
"1876","2019-09-18",22304.4053360093,0.744564311062412,0.383786619494412,0.147292169302948,0.0565287637347771
"1877","2019-09-19",22373.1927007826,0.308402594631158,0.0523750969368427,0.00274315077914367,-0.000143672787970025
"1878","2019-09-20",22588.0367366386,0.960274372680324,0.599496681112323,0.35939627066469,0.215456871467628
"1879","2019-09-21",22376.2745163094,-0.937497237135777,1.29827492870378,1.6855177905008,-2.18826548929137
"1880","2019-09-22",22013.3783524146,-1.62178991695109,1.98256760851909,3.93057432234911,-7.79262933436621
"1881","2019-09-23",21990.1240681292,-0.105637053582225,0.466414745150226,0.21754271449355,-0.101465129739798
"1882","2019-09-24",21162.7762351146,-3.76236091461482,4.12313860618282,17.0002719657952,-70.0944776577776
"1883","2019-09-25",19010.1917668513,-10.1715599331037,10.5323376246717,110.930135840074,-1168.35364341835
"1884","2019-09-26",18423.360335165,-3.08693062586342,3.44770831743142,11.8866926420858,-40.9818490888702
"1885","2019-09-27",17704.6991833341,-3.9008147197728,4.2615924113408,18.1611698803975,-77.3955037433732
"1886","2019-09-28",17936.8832321526,1.31142611582499,0.950648424256989,0.903732426542296,0.859131807242379
"1887","2019-09-29",17996.8694534127,0.334429457357298,0.0263482342107026,0.000694229446022039,-1.8291720039755e-05
"1888","2019-09-30",17661.4387443565,-1.86382809479452,2.22460578636253,4.94887090471763,-11.009286850596
"1889","2019-10-01",18229.0613770139,3.2139093585384,2.85313166697039,8.14036030906926,23.2255197783544
"1890","2019-10-02",18393.6672233095,0.902985858082434,0.542208166514433,0.293989695834943,0.159403613952801
"1891","2019-10-03",18393.6672233095,0,0.360777691568001,0.130160542733135,-0.0469590201404987
"1892","2019-10-04",18019.2155777596,-2.0357639452962,2.3965416368642,5.74341181722375,-13.7643255576346
"1893","2019-10-05",17969.5032150683,-0.275885276341661,0.636662967909662,0.405339734707539,-0.258064798510617
"1894","2019-10-06",17950.6139765986,-0.105118312084775,0.465896003652776,0.217059086219627,-0.101126960826248
"1895","2019-10-07",17443.628105359,-2.82433721710319,3.18511490867119,10.1449569814395,-32.3128537294109
"1896","2019-10-08",18187.4175240114,4.26396053710807,3.90318284554006,15.2348363257182,59.4643518011541
"1897","2019-10-09",18194.7929966913,0.040552611002438,0.320225080565563,0.102544102223221,-0.0328371933959543
"1898","2019-10-10",19063.314196571,4.77346018741537,4.41268249584737,19.4717668091577,85.9227245619921
"1899","2019-10-11",18954.6644300406,-0.569941645036418,0.930719336604419,0.866238483529369,-0.806224906731672
"1900","2019-10-12",18278.6169762244,-3.56665482689716,3.92743251846516,15.4247261870976,-60.5795712156281
"1901","2019-10-13",18378.0591456259,0.544035522659333,0.183257831091332,0.0335834326562993,0.00615442702919523
"1902","2019-10-14",18405.5543308395,0.149608753545361,0.21116893802264,0.0445923203856096,-0.00941651293979451
"1903","2019-10-15",18580.6441590359,0.951287991924414,0.590510300356413,0.348702414827021,0.205912367714511
"1904","2019-10-16",18217.8946216327,-1.95229796286041,2.31307565442842,5.35031898310944,-12.3756925832566
"1905","2019-10-17",17824.9249627651,-2.15705308999301,2.51783078156101,6.33947184457611,-15.9617173491131
"1906","2019-10-18",18063.8869801902,1.34060602176039,0.979828330192387,0.960063556647601,0.940697471588583
"1907","2019-10-19",17758.0349525934,-1.69316840795236,2.05394609952036,4.21869457973491,-8.66497127711421
"1908","2019-10-20",17714.5316506148,-0.244978130151982,0.605755821719983,0.366940115547652,-0.222276111215593
"1909","2019-10-21",18258.2070359844,3.06909263023463,2.70831493866662,7.3349698070048,19.8654083029798
"1910","2019-10-22",18274.4619812742,0.0890281573528118,0.271749534215189,0.0738478093461721,-0.0200681077926344
"1911","2019-10-23",17907.0732595987,-2.01039418863309,2.37117188020109,5.62245608545636,-13.3318097674996
"1912","2019-10-24",16671.1204927733,-6.90203669191386,7.26281438348186,52.748472768911,-383.102366732748
"1913","2019-10-25",16618.1900324243,-0.317497917263248,0.678275608831249,0.460057801535401,-0.31204598543399
"1914","2019-10-26",19151.6904053174,15.245344817636,14.884567126068,221.550338530424,3297.68088565919
"1915","2019-10-27",20170.3380858111,5.31883953288466,4.95806184131666,24.5823772223204,121.880946474839
"1916","2019-10-28",20713.0529519724,2.69065825199566,2.32988056042766,5.42834342585869,12.6473918232334
"1917","2019-10-29",20202.112239429,-2.46675713970377,2.82753483127177,7.99495322205506,-22.6060087097491
"1918","2019-10-30",20718.5179033022,2.55619639052058,2.19541869895258,4.81986326371063,10.5816179355449
"1919","2019-10-31",20191.2498216427,-2.54491216080403,2.90568985237203,8.44303351817781,-24.5328368170062
"1920","2019-11-01",20163.6853269348,-0.136517030651346,0.497294722219346,0.247302040747217,-0.122981999657665
"1921","2019-11-02",20280.5878397307,0.579767591590711,0.21898990002271,0.0479565763119565,0.0105020058519868
"1922","2019-11-03",20448.6284444162,0.828578569879036,0.467800878311035,0.218837661748576,0.102372450373517
"1923","2019-11-04",20264.7999083472,-0.898977340063116,1.25975503163112,1.58698273971991,-1.9992094914739
"1924","2019-11-05",20653.1021103207,1.91614130773409,1.55536361616609,2.41915597849324,3.76266719077905
"1925","2019-11-06",20629.7507565201,-0.113064631530235,0.473842323098236,0.224526547159133,-0.106390180703109
"1926","2019-11-07",20795.8539783562,0.805163493231261,0.44438580166326,0.197478740719898,0.0877567485062631
"1927","2019-11-08",20453.9990733858,-1.6438608644117,2.0046385559797,4.01857574012039,-8.05579186877
"1928","2019-11-09",19596.5904372576,-4.19188752796922,4.55266521953722,20.7267606011839,-94.3620021026842
"1929","2019-11-10",19717.212174912,0.615524103749555,0.254746412181555,0.0648957345193745,0.0165319555346973
"1930","2019-11-11",20178.5651037229,2.33984868001735,1.97907098844935,3.91672197732188,7.75147083513969
"1931","2019-11-12",19612.0833059663,-2.80734430245532,3.16812199402332,10.0369969690143,-31.7984308514795
"1932","2019-11-13",19719.8677016632,0.549581571806353,0.188803880238352,0.035646905193058,0.00673027401893801
"1933","2019-11-14",19710.8229944041,-0.0458659631795346,0.406643654747535,0.165359061946433,-0.0672422132955215
"1934","2019-11-15",19444.0553361171,-1.35340700062466,1.71418469219266,2.93842915894766,-5.03701028336063
"1935","2019-11-16",19000.8266360531,-2.27950750191863,2.64028519348663,6.97110590294473,-18.4057076977722
"1936","2019-11-17",19075.1105118183,0.390950758027806,0.0301730664598054,0.000910413939587833,2.74699803051169e-05
"1937","2019-11-18",19102.2862860154,0.142467191370978,0.218310500197022,0.0476594744962741,-0.0104045637164088
"1938","2019-11-19",18395.1054234304,-3.70207446373955,4.06285215530755,16.5067676358872,-67.0645564666255
"1939","2019-11-20",18177.9646946429,-1.18042666127329,1.54120435284129,2.37531085721693,-3.66083943249391
"1940","2019-11-21",18067.4347999517,-0.60804329058781,0.968820982155811,0.938614095465351,-0.909349029834029
"1941","2019-11-22",17029.2765352013,-5.74601915681564,6.10679684838364,37.2929677474284,-227.740577906868
"1942","2019-11-23",16218.6283158077,-4.76032095502064,5.12109864658864,26.225651348092,-134.30414762462
"1943","2019-11-24",16360.9183125092,0.877324481027876,0.516546789459875,0.266820585701305,0.137825316905812
"1944","2019-11-25",15541.9397358018,-5.00570054237865,5.36647823394665,28.7990886354232,-154.549682319499
"1945","2019-11-26",15817.5728788757,1.77347967988168,1.41270198831368,1.99572690778542,2.81936737075956
"1946","2019-11-27",15984.7746882925,1.05706362598839,0.69628593442039,0.484814102471675,0.337569240359673
"1947","2019-11-28",16597.7045207545,3.8344602561769,3.4736825646089,12.0664705596679,41.9150883994849
"1948","2019-11-29",16498.7447331385,-0.596225746109993,0.957003437677994,0.915855579727498,-0.876476938215787
"1949","2019-11-30",17065.1079416068,3.43276544748723,3.07198775591923,9.43710877251766,28.9906826004522
"1950","2019-12-01",16724.6113799353,-1.99527927298559,2.35605696455359,5.55100442022147,-13.0784826245306
"1951","2019-12-02",16447.4813383199,-1.65701931913274,2.01779701070074,4.07150477639285,-8.21547016685928
"1952","2019-12-03",16232.5827947462,-1.30657417481315,1.66735186638115,2.7800622463247,-4.63534197506525
"1953","2019-12-04",16173.9542127723,-0.361178394807733,0.721956086375733,0.521220590654965,-0.376298377767707
"1954","2019-12-05",15999.8173691366,-1.07664978733641,1.43742747890441,2.06619775710948,-2.97000943291982
"1955","2019-12-06",16316.8605092554,1.98154224391569,1.62076455234769,2.6268777341468,4.25755031485655
"1956","2019-12-07",16548.3264121885,1.41856886502036,1.05779117345236,1.11892216663372,1.18358599164534
"1957","2019-12-08",16538.2845396607,-0.0606821032996021,0.421459794867603,0.177628358689842,-0.0748632116160897
"1958","2019-12-09",16625.9189005953,0.529887853389166,0.169110161821165,0.0285982468311807,0.00483625414942261
"1959","2019-12-10",16293.1547825035,-2.00147805412359,2.3622557456916,5.58025220805296,-13.1819828408813
"1960","2019-12-11",16054.419738058,-1.46524750812449,1.82602519969249,3.334368029912,-6.08864004766832
"1961","2019-12-12",15941.0380657812,-0.706233386984534,1.06701107855253,1.13851264175384,-1.21480560182346
"1962","2019-12-13",15988.4447196804,0.297387495742587,0.0633901958254138,0.00401831692678431,-0.000254721896877432
"1963","2019-12-14",16067.6480974227,0.495378876000414,0.134601184432413,0.0181174788506085,0.0024386341122211
"1964","2019-12-15",15712.998247964,-2.20722937985919,2.56800707142719,6.59466031890004,-16.9351343325956
"1965","2019-12-16",15805.213630643,0.586873244836953,0.226095553268953,0.0511191992079938,0.0115578236275972
"1966","2019-12-17",15214.9100932639,-3.73486591939906,4.09564361096706,16.7742965880553,-68.7015406493355
"1967","2019-12-18",14431.2046926301,-5.15090392141567,5.51168161298367,30.3786342029023,-167.437359563693
"1968","2019-12-19",15696.0084093441,8.76436682628391,8.40358913471591,70.6203103451153,593.464072706476
"1969","2019-12-20",15449.0166439688,-1.57359603113019,1.93437372269819,3.74180169906527,-7.23804288221931
"1970","2019-12-21",15570.9342502818,0.789160948704109,0.428383257136108,0.183512214994541,0.0786135603836231
"1971","2019-12-22",15447.6252948685,-0.791917513947942,1.15269520551594,1.32870623681944,-1.5315933087209
"1972","2019-12-23",16081.6151493748,4.10412501860013,3.74334732703213,14.0126492107986,52.4542129678819
"1973","2019-12-24",15790.385131604,-1.81095005113415,2.17172774270215,4.71640138842218,-10.2427397409554
"1974","2019-12-25",15646.7905546641,-0.909379826667432,1.27015751823543,1.61330012112999,-2.0491452780234
"1975","2019-12-26",15525.3171874755,-0.776346860170562,1.13712455173856,1.29305224616663,-1.47036145579677
"1976","2019-12-27",15561.7665730169,0.234773854223105,0.126003837344895,0.0158769670256389,-0.00200055877062887
"1977","2019-12-28",15657.7977911372,0.617097150697612,0.256319459129612,0.0656996651284967,0.0168401026307329
"1978","2019-12-29",15836.7973045988,1.14319724810164,0.782419556533641,0.6121803624463,0.478981887703837
"1979","2019-12-30",16068.7230522494,1.46447380230882,1.10369611074082,1.21814510486441,1.34446201455682
"1980","2019-12-31",15755.0901059498,-1.95182246454671,2.31260015611471,5.3481194820618,-12.3680619491363
"1981","2020-01-01",15625.2820962494,-0.823911566531615,1.18468925809962,1.40348863825662,-1.66269791360747
"1982","2020-01-02",15653.4140345525,0.180041154648026,0.180736536919975,0.0326656957778255,-0.00590388473096563
"1983","2020-01-03",15156.8244197241,-3.17240452295106,3.53318221451906,12.4833765609938,-44.1060440424474
"1984","2020-01-04",15938.686506154,5.15848217791871,4.79770448635071,23.0179683383498,110.433409963579
"1985","2020-01-05",16033.646203017,0.595781194556633,0.235003502988633,0.0552266464169283,0.0129784553662928
"1986","2020-01-06",16052.7525161215,0.119163868670772,0.241613822897229,0.0583772394150136,-0.0141047479852482
"1987","2020-01-07",16995.9275622405,5.87547241615907,5.51469472459107,30.4118579054326,167.712112356103
"1988","2020-01-08",17607.1828701642,3.5964810139678,3.2357033223998,10.4697759905891,33.8770889575309
"1989","2020-01-09",17370.9401388683,-1.34174065799146,1.70251834955946,2.89856873058667,-4.93486645128308
"1990","2020-01-10",16945.1988655536,-2.45088216245754,2.81165985402554,7.9054311347389,-22.2273833503089
"1991","2020-01-11",17669.460869946,4.27414284210431,3.91336515053631,15.3144268014321,59.9309441451635
"1992","2020-01-12",17528.8794387146,-0.795618113456504,1.15639580502451,1.33725125787827,-1.54639174487418
"1993","2020-01-13",17868.5033418109,1.9375106337157,1.5767329421477,2.48608677085375,3.9198949086427
"1994","2020-01-14",17765.6510566839,-0.575606603191753,0.936384294759754,0.876815547472722,-0.821036308054633
"1995","2020-01-15",19837.6800121672,11.6631186150859,11.3023409235179,127.742910351427,1443.79392335421
"1996","2020-01-16",19795.0180451768,-0.215055223011124,0.575832914579125,0.33158354551269,-0.190936719439052
"1997","2020-01-17",19606.8035011684,-0.950817744034633,1.31159543560263,1.72028258669366,-2.2563147886541
"1998","2020-01-18",20157.0693925875,2.80650485116713,2.44572715959913,5.98158133920082,14.6293159386348
"1999","2020-01-19",20040.0131009025,-0.580720785373916,0.941498476941917,0.88641938208395,-0.834562498163834
"2000","2020-01-20",19556.8527882667,-2.41097802782394,2.77175571939194,7.68262976798195,-21.2943729993748
"2001","2020-01-21",19543.3808807629,-0.0688858665024243,0.429663558070425,0.184610773133738,-0.0793205216427737
"2002","2020-01-22",19761.6685064856,1.11693891171904,0.756161220151038,0.571779790860307,0.432357704314635
"2003","2020-01-23",19647.6069472157,-0.577185874929871,0.937963566497871,0.879775652077407,-0.825197508340515
"2004","2020-01-24",18946.7501222225,-3.56713581901393,3.92791351058193,15.428504546612,-60.6018314567121
"2005","2020-01-25",18988.6078104713,0.220922786117852,0.139854905450149,0.0195593945784701,-0.0027354772794341
"2006","2020-01-26",18793.0324104048,-1.029961764541,1.390739456109,1.93415623477836,-2.68990738998548
"2007","2020-01-27",19417.165640398,3.32108845641988,2.96031076485188,8.7634398244979,25.9425052495928
"2008","2020-01-28",20034.795338227,3.18084374036548,2.82006604879748,7.95277251958025,22.4273437762779
"2009","2020-01-29",20924.9526165313,4.4430565088222,4.0822788172542,16.6650003418023,68.0311778848736
"2010","2020-01-30",20868.8221645479,-0.268246495043705,0.629024186611705,0.395671427342517,-0.248886897749619
"2011","2020-01-31",21493.8421287631,2.99499396413943,2.63421627257142,6.93909537068009,18.2790779423705
"2012","2020-02-01",21008.2274860603,-2.25931985446636,2.62009754603436,6.86491115073528,-17.9867368597854
"2013","2020-02-02",21167.4337645195,0.757828229748753,0.397050538180752,0.157649129869625,0.0625946718584619
"2014","2020-02-03",21213.3727331893,0.21702663242438,0.143751059143621,0.0206643670049128,-0.00297052464348872
"2015","2020-02-04",21211.121070033,-0.0106143572010817,0.371392048769082,0.137932053888897,-0.0512268680847248
"2016","2020-02-05",20994.5779789395,-1.02089413557416,1.38167182714217,1.90901703791837,-2.6376350588262
"2017","2020-02-06",22111.7160377383,5.32107889913028,4.96030120756228,24.6045880697438,122.046167913923
"2018","2020-02-07",22509.8014242247,1.80033691553828,1.43955922397028,2.0723307593179,2.98324285969342
"2019","2020-02-08",22706.1784544004,0.872406763945779,0.511629072377778,0.261764307702145,0.13392622993126
"2020","2020-02-09",22954.7359156289,1.0946688441107,0.733891152542701,0.538596223780454,0.395271003425384
"2021","2020-02-10",23528.3146429592,2.49873807931625,2.13796038774825,4.57087461958065,9.77234887402727
"2022","2020-02-11",23008.0942647001,-2.21103970324019,2.57181739480819,6.61424471223797,-17.0106296044517
"2023","2020-02-12",23818.7631322796,3.52340727681762,3.16262958524962,10.0022258934962,31.6333355291209
"2024","2020-02-13",24413.7511424401,2.49798029753342,2.13720260596542,4.56763497894536,9.76196138010081
"2025","2020-02-14",24332.0072730865,-0.334827158991957,0.695604850559958,0.483866108122542,-0.336579611831609
"2026","2020-02-15",24730.3436156783,1.63708788231539,1.27631019074739,1.62896770300565,2.07906807974449
"2027","2020-02-16",23475.765704262,-5.07303064976798,5.43380834133598,29.5262730903724,-160.44010900703
"2028","2020-02-17",23432.5987007126,-0.183879001405972,0.544656692973973,0.296650913201344,-0.161572905351953
"2029","2020-02-18",22989.9121557425,-1.88919099679985,2.24996868836785,5.06235909863573,-11.3901494612045
"2030","2020-02-19",24082.769087843,4.7536368329599,4.3928591413919,19.2972114361104,84.7699316604899
"2031","2020-02-20",22724.8606909608,-5.63850607016647,5.99928376173447,35.9914056538109,-215.922655500906
"2032","2020-02-21",22560.8809688257,-0.721587359170592,1.08236505073859,1.17151410306036,-1.2680059215999
"2033","2020-02-22",22862.6315083855,1.33749448869819,0.976716797130186,0.953975701796249,0.931764091998454
"2034","2020-02-23",22729.2739615799,-0.583299200517176,0.944076892085177,0.891281178169206,-0.841437964659999
"2035","2020-02-24",23514.9220611661,3.45654727429574,3.09576958272773,9.58378930934225,29.669203431133
"2036","2020-02-25",22725.8761793628,-3.35551136317129,3.71628905473929,13.810804338375,-51.324940999849
"2037","2020-02-26",21880.7832975396,-3.71863718324146,4.07941487480946,16.6416257208167,-67.8880955065113
"2038","2020-02-27",20433.7958496878,-6.61305140759979,6.97382909916779,48.6342923043995,-339.167242889853
"2039","2020-02-28",20421.5931773223,-0.059718088872295,0.420495780440296,0.176816701368093,-0.0743506768366551
"2040","2020-02-29",20308.6629420226,-0.552994246428838,0.913771937996839,0.834979154670499,-0.762980520350224
"2041","2020-03-01",19865.6864124751,-2.18121956532597,2.54199725689397,6.46175005405645,-16.4257509121459
"2042","2020-03-02",19853.4715969029,-0.0614870048715353,0.422264696439536,0.178307473859174,-0.0752929513220444
"2043","2020-03-03",20728.5560971263,4.4077152751457,4.0469375835777,16.3777038053737,66.2795450626703
"2044","2020-03-04",20360.0253198012,-1.77788928277639,2.13866697434439,4.57389642715139,-9.78204123282049
"2045","2020-03-05",20337.4891251844,-0.110688441015266,0.471466132583267,0.222280314173022,-0.104797640072548
"2046","2020-03-06",20937.8100787436,2.95179483496717,2.59101714339917,6.7133698373884,17.3944563386522
"2047","2020-03-07",21342.0776159233,1.93080143367102,1.57002374210302,2.46497455076718,3.87006856838421
"2048","2020-03-08",20789.2317001675,-2.590403454176,2.951181145744,8.70947015499485,-25.7032241108408
"2049","2020-03-09",18599.7770616962,-10.5316765431676,10.8924542347356,118.645559255809,-1292.34132434851
"2050","2020-03-10",18369.9434932765,-1.23567915710674,1.59645684867474,2.54867446968049,-4.06884881216389
"2051","2020-03-11",18376.4801667788,0.0355835253641045,0.325194166203896,0.105751245733047,-0.0343896881811816
"2052","2020-03-12",18331.6769891149,-0.243807177747214,0.604584869315215,0.365522864204896,-0.22098959308704
"2053","2020-03-13",11728.0875732524,-36.0228331526004,36.3836108441684,1323.76713805989,-48163.4283994695
"2054","2020-03-14",12922.9628662161,10.1881511840753,9.82737349250727,96.5772697612346,949.100900830281
"2055","2020-03-15",12157.3225351864,-5.92465008958029,6.28542778114829,39.5066023920307,-248.315896213649
"2056","2020-03-16",12576.0958784665,3.44461818848733,3.08384049691933,9.51007221043965,29.3275458111809
"2057","2020-03-17",11694.8249648417,-7.00750791136827,7.36828560293628,54.291632726438,-400.036255778117
"2058","2020-03-18",12437.3798148677,6.34943107107931,5.98865337951131,35.8639692999323,214.776880950729
"2059","2020-03-19",12423.7944586987,-0.109230049827377,0.470007741395377,0.220907276971584,-0.103828130307217
"2060","2020-03-20",14228.848580753,14.5290082515046,14.1682305599366,200.73875719952,2844.11299431793
"2061","2020-03-21",14159.0863672022,-0.490287131491192,0.851064823059193,0.724311333048775,-0.616435896500924
"2062","2020-03-22",14106.277385814,-0.372968848544673,0.733746540112673,0.538383985127319,-0.395037386339243
"2063","2020-03-23",13424.3825020612,-4.83398181605694,5.19475950762494,26.9855263420597,-140.183319533678
"2064","2020-03-24",14713.1716189356,9.60036051324161,9.23958282167361,85.369890718566,788.782175771416
"2065","2020-03-25",15287.8046515112,3.9055687479106,3.5447910563426,12.5655436331265,44.5422266887894
"2066","2020-03-26",15177.6057819276,-0.720828608787251,1.08160630035525,1.16987218896817,-1.26534113019837
"2067","2020-03-27",15397.5995088426,1.44946264961602,1.08868495804802,1.18523493788001,1.29034744862294
"2068","2020-03-28",14669.0476679833,-4.73159365160073,5.09237134316873,25.9322458967261,-132.056625868493
"2069","2020-03-29",14353.9823202367,-2.14782414562781,2.50860183719581,6.2930831775822,-15.7868400209088
"2070","2020-03-30",13664.7557054757,-4.80164040462351,5.16241809619151,26.6505605998856,-137.581336314498
"2071","2020-03-31",14653.4220897053,7.23515594086636,6.87437824929836,47.2570763144264,324.863017541326
"2072","2020-04-01",14720.7057597614,0.45916694164819,0.0983892500801896,0.00968044453134209,0.000952451677881621
"2073","2020-04-02",15068.7988220092,2.36464927652654,2.00387158495854,4.01550132900426,8.04654901255489
"2074","2020-04-03",15740.7093965357,4.45895245177154,4.09817476020354,16.7950363651694,68.8289941284377
"2075","2020-04-04",15611.3088150591,-0.822075919304372,1.18285361087237,1.39914266475381,-1.65498095312964
"2076","2020-04-05",15886.6255377152,1.76357233027459,1.40279463870659,1.96783279838395,2.76046529944398
"2077","2020-04-06",15727.7607301145,-0.999990886822068,1.36076857839007,1.85169112393373,-2.51972309833281
"2078","2020-04-07",17048.9129987419,8.40012949903125,8.03935180746325,64.6311774841626,519.59277352578
"2079","2020-04-08",16811.5185891209,-1.39243135112789,1.75320904269589,3.07374194739063,-5.38891217707892
"2080","2020-04-09",17145.2940859839,1.98539766109525,1.62461996952725,2.63939004538672,4.28800577510671
"2081","2020-04-10",17087.7674288669,-0.335524470029517,0.696302161597517,0.484836700245375,-0.337592842402662
"2082","2020-04-11",16081.4969197975,-5.88883546816933,6.24961315973733,39.057664646362,-244.095294962511
"2083","2020-04-12",16115.6611380446,0.212444266957761,0.14833342461024,0.0220028048566017,-0.00326375139541055
"2084","2020-04-13",16217.710452957,0.633230706691215,0.272453015123214,0.0742306454497304,0.0202243631673214
"2085","2020-04-14",16098.2376062495,-0.736681340156227,1.09745903172423,1.20441632631308,-1.3217975752684
"2086","2020-04-15",16070.5800225638,-0.171805040788838,0.532582732356838,0.283644366804676,-0.15106409189046
"2087","2020-04-16",15555.4491307128,-3.20542812473311,3.56620581630111,12.7178239242199,-45.3543776492463
"2088","2020-04-17",16612.8793699798,6.79781233175198,6.43703464018398,41.4354149589285,266.721201421021
"2089","2020-04-18",16549.7888443074,-0.379768758126344,0.740546449694345,0.548409044154899,-0.40612237062918
"2090","2020-04-19",17154.516036087,3.65398735578192,3.29320966421392,10.8452298924719,35.7156158925103
"2091","2020-04-20",16831.0669069121,-1.88550425144305,2.24628194301105,5.0457825674975,-11.3342502697296
"2092","2020-04-21",16189.0104102878,-3.81471061920991,4.17548831077791,17.4347026334429,-72.7983970478297
"2093","2020-04-22",16159.8831848999,-0.179919739685817,0.540697431253818,0.292353712164477,-0.158074901184851
"2094","2020-04-23",16819.5782240761,4.08230079158389,3.72152310001589,13.8497341839519,51.5421056946565
"2095","2020-04-24",17426.6752183605,3.60946621964265,3.24868852807465,10.5539771524439,34.2865845007063
"2096","2020-04-25",17649.1640205098,1.27671399943743,0.915936307869433,0.838939320073489,0.768414983354604
"2097","2020-04-26",17739.7818513094,0.513439790656897,0.152662099088896,0.0233057164982279,0.00355789960139019
"2098","2020-04-27",18173.1156500445,2.44272337939215,2.08194568782415,4.33449784704958,9.02418910154794
"2099","2020-04-28",18331.3301831596,0.870596633850801,0.5098189422828,0.259915353910353,0.132509770813636
"2100","2020-04-29",18379.3261211184,0.261824632905757,0.0989530586622434,0.00979170781861339,-0.000968919438178798
"2101","2020-04-30",20455.8322561696,11.298053701029,10.937276009461,119.62400650713,1308.36077652604
"2102","2020-05-01",23035.3605488184,12.6102338948874,12.2494562033194,150.049177277039,1838.02082539919
"2103","2020-05-02",23587.0349506992,2.3949023967376,2.0341247051696,4.13766331618129,8.41652317311832
"2104","2020-05-03",23936.4583250128,1.48142136154017,1.12064366997217,1.25584223504868,1.407351651191
"2105","2020-05-04",23659.66543117,-1.1563652821335,1.5171429737015,2.30172280265182,-3.49204257745174
"2106","2020-05-05",23486.351660261,-0.732528409639603,1.0933061012076,1.19531823093777,-1.30684871476895
"2107","2020-05-06",23802.9233450222,1.34789638399581,0.987118692427811,0.974403312940392,0.961851724167048
"2108","2020-05-07",24043.9804960512,1.01272078027934,0.651943088711343,0.425029790918486,0.277095234685734
"2109","2020-05-08",25849.1500057328,7.50778145897293,7.14700376740493,51.0796628513003,365.066542836017
"2110","2020-05-09",25572.680169347,-1.0695509768193,1.4303286683873,2.04584009961058,-2.92622374540934
"2111","2020-05-10",25070.8846759573,-1.96223270328616,2.32301039485416,5.39637729460049,-12.5358405499119
"2112","2020-05-11",23356.4772611085,-6.83824060063145,7.19901829219945,51.8258643714222,-373.095345618916
"2113","2020-05-12",22621.839409768,-3.14532813800549,3.50610582957349,12.2927780881692,-43.0997809165834
"2114","2020-05-13",23097.6959674101,2.10352725533287,1.74274956376487,3.03717604200264,5.29303722227722
"2115","2020-05-14",23139.0286825909,0.17894735145495,0.181830340113051,0.0330622725856278,-0.00601172426915511
"2116","2020-05-15",25171.1329980029,8.78215046658763,8.42137277501963,70.9195194158418,597.239710026046
"2117","2020-05-16",24214.6392923159,-3.79996286127799,4.16074055284599,17.3117619480972,-72.0297499786642
"2118","2020-05-17",24420.6480081485,0.85076103486692,0.48998334329892,0.240083676710387,0.117637002586052
"2119","2020-05-18",25035.0511422071,2.51591658769084,2.15513889612284,4.64462366158157,10.0098091109269
"2120","2020-05-19",25297.3645726356,1.04778467972155,0.687006988153551,0.471978601771813,0.324252597676178
"2121","2020-05-20",25312.9775013739,0.0617176097275747,0.299060081840426,0.0894369325504023,-0.02674701636808
"2122","2020-05-21",24563.7243293897,-2.95995669392719,3.32073438549519,11.0272768590101,-36.6186574440904
"2123","2020-05-22",23883.4539860899,-2.76941042888143,3.13018812044943,9.79807766940271,-30.6698263240052
"2124","2020-05-23",24069.2229797091,0.77781460641076,0.417036914842759,0.173919788341567,0.0725309719600726
"2125","2020-05-24",24048.3163684598,-0.0868603496960539,0.447638041264055,0.20037981598672,-0.0896976283371468
"2126","2020-05-25",23213.5209408537,-3.47132587086621,3.83210356243421,14.685017713221,-56.2745086932437
"2127","2020-05-26",23475.550078961,1.12877808917885,0.768000397610848,0.58982461073042,0.452985535561626
"2128","2020-05-27",23318.6138385452,-0.668509320923004,1.029287012491,1.05943175408266,-1.09045934509784
"2129","2020-05-28",25033.1956395293,7.35284615481701,6.99206846324901,48.8890213947614,341.835384693418
"2130","2020-05-29",25044.9664942626,0.0470209832687729,0.313756708299228,0.0984432720027667,-0.0308872369777936
"2131","2020-05-30",24811.2889233361,-0.933032076445516,1.29380976801352,1.67394371580719,-2.16576473061618
"2132","2020-05-31",25721.4549392571,3.66835442823347,3.30757673666547,10.9400638689306,36.1851007505093
"2133","2020-06-01",25072.1262843168,-2.52446316304319,2.88524085461119,8.32461478911751,-24.0185186884623
"2134","2020-06-02",26775.3524029286,6.79330543926467,6.43252774769667,41.3774132248876,266.161358697001
"2135","2020-06-03",25368.5194164056,-5.25420904028559,5.61498673185359,31.5280759988919,-177.02972841465
"2136","2020-06-04",25671.3785049392,1.19383825111111,0.833060559543105,0.693989895866271,0.578135610967617
"2137","2020-06-05",25952.3945297966,1.09466667247079,0.733888980902788,0.538593036290533,0.395267494524598
"2138","2020-06-06",25640.2981614472,-1.20257253330159,1.56335022486959,2.44406392559979,-3.82092788768208
"2139","2020-06-07",25710.7107920043,0.274617050526243,0.0861606410417579,0.00742365606472665,-0.000639626965410382
"2140","2020-06-08",25863.8971192799,0.595807438055105,0.235029746487104,0.0552389817337924,0.012982803873099
"2141","2020-06-09",25985.2301527762,0.46912123465668,0.108343543088679,0.0117383233290085,0.00127177153938528
"2142","2020-06-10",25919.0788989963,-0.254572514428284,0.615350205996285,0.37865587601967,-0.233005971310408
"2143","2020-06-11",26197.6894876592,1.07492472918739,0.714147037619386,0.510005991340545,0.364219267883988
"2144","2020-06-12",24733.5806133459,-5.58869466333277,5.94947235490077,35.3962213017285,-210.588840102584
"2145","2020-06-13",25136.9995980345,1.63105775502202,1.27028006345402,1.61361143960874,2.04973844189631
"2146","2020-06-14",25164.7040258449,0.11021374170912,0.25056394985888,0.0627822929688835,-0.0157309793074809
"2147","2020-06-15",24816.9662512088,-1.38184726623037,1.74262495779837,3.03674174354177,-5.29190195268404
"2148","2020-06-16",24970.5644120856,0.618924002724628,0.258146311156627,0.0666395179637742,0.0172027457396041
"2149","2020-06-17",25182.7353839103,0.849684325605435,0.488906634037434,0.239029696805814,0.116863204500319
"2150","2020-06-18",25099.0681979453,-0.332240261788471,0.693017953356471,0.480273883674392,-0.332838423914591
"2151","2020-06-19",24913.228420756,-0.740425005915212,1.10120269748321,1.2126473809443,-1.33537056699182
"2152","2020-06-20",24640.9906542369,-1.09274383039129,1.45352152195929,2.11272481479886,-3.07089098828761
"2153","2020-06-21",24780.6653876786,0.566838953034078,0.206061261466077,0.0424612434769909,0.00874961739428699
"2154","2020-06-22",24610.8034453224,-0.685461587486911,1.04623927905491,1.09461662903734,-1.14523091280555
"2155","2020-06-23",25645.311480326,4.20347120036921,3.84269350880121,14.766293402583,56.7423398071597
"2156","2020-06-24",25539.4679421513,-0.412720813533105,0.773498505101106,0.598299937393646,-0.462784107176071
"2157","2020-06-25",24784.627660606,-2.95558342583748,3.31636111740548,10.9982510610389,-36.4741721782932
"2158","2020-06-26",24630.4022949306,-0.622262185203332,0.983039876771333,0.966367399322598,-0.94997768914592
"2159","2020-06-27",24403.6095991513,-0.920783562784034,1.28156125435203,1.64239924865636,-2.10483524125488
"2160","2020-06-28",23896.6893705311,-2.07723462613427,2.43801231770227,5.94390406126801,-14.491311316612
"2161","2020-06-29",24202.2138879391,1.27852236211751,0.917744670549506,0.842255280322021,0.772975294757714
"2162","2020-06-30",24350.4762615879,0.612598394243128,0.251820702675127,0.0634136662957947,0.015968874005813
"2163","2020-07-01",24220.3933893521,-0.534210792587262,0.894988484155263,0.801004386770536,-0.716889701917478
"2164","2020-07-02",24508.3233978072,1.18879162624039,0.828013934672393,0.685607076011657,0.567692212647647
"2165","2020-07-03",24154.3954505701,-1.4441132569222,1.8048909484902,3.25763133594184,-5.87966931175946
"2166","2020-07-04",24103.94132641,-0.208881750997867,0.569659442565868,0.324511880504456,-0.18486125695417
"2167","2020-07-05",24318.1551962642,0.888708891850364,0.527931200282364,0.278711352231577,0.147140418715937
"2168","2020-07-06",24195.4111134775,-0.504742575232662,0.865520266800663,0.749125332242691,-0.64838315742983
"2169","2020-07-07",25155.1158996303,3.96647439322994,3.60569670166194,13.0010487043758,46.8778384315142
"2170","2020-07-08",24952.5150092103,-0.805406308714231,1.16618400028223,1.35998512251427,-1.58599289049801
"2171","2020-07-09",25623.9664259163,2.69091679318962,2.33013910162162,5.42954823290601,12.6516026416349
"2172","2020-07-10",25104.6601532611,-2.02664280784403,2.38742049941203,5.69977664101279,-13.6077635948238
"2173","2020-07-11",25155.4791551316,0.202428559320295,0.158349132247705,0.0250744476836013,-0.00397051703228875
"2174","2020-07-12",25073.3500088595,-0.326486113683698,0.687263805251699,0.472331538009045,-0.324616370152484
"2175","2020-07-13",25277.197539474,0.813004766185902,0.452227074617901,0.204509327017465,0.0924846546891839
"2176","2020-07-14",25115.9208518196,-0.638032311147405,0.998810002715406,0.99762142152435,-0.996434254741683
"2177","2020-07-15",25198.8565036366,0.330211471465893,0.0305662201021079,0.000934293811330502,-2.85578302771654e-05
"2178","2020-07-16",25089.8449723174,-0.432605071993913,0.793382763561914,0.62945620951714,-0.499399707047916
"2179","2020-07-17",24810.4744546102,-1.1134804460348,1.4742581376028,2.17343705628809,-3.2042072668002
"2180","2020-07-18",24800.5936085903,-0.0398253005518955,0.400602992119896,0.160482757295414,-0.0642898727561938
"2181","2020-07-19",24891.4256041186,0.366249280004486,0.00547158843648493,2.99382800182756e-05,1.63809946756245e-07
"2182","2020-07-20",25043.1046939482,0.609362807265251,0.24858511569725,0.0617945597462152,0.0153612077839735
"2183","2020-07-21",24812.6069390824,-0.920404070033297,1.2811817616013,1.6414267062598,-2.10296595906535
"2184","2020-07-22",25469.9632807245,2.64928366155148,2.28850596998348,5.23725957465002,11.9854998029397
"2185","2020-07-23",26039.9510991163,2.23788237191203,1.87710468034403,3.52352198096946,6.61401960177285
"2186","2020-07-24",26376.9717832745,1.29424468915242,0.933466997584421,0.871360635579273,0.813386396307436
"2187","2020-07-25",26269.1482964775,-0.408778868487749,0.769556560055749,0.592217299124838,-0.455744707520017
"2188","2020-07-26",27121.9727508736,3.24648688557009,2.88570919400209,8.32731755234819,24.0302168221862
"2189","2020-07-27",27674.465349941,2.03706641895954,1.67628872739154,2.80994389757993,4.71027728011587
"2190","2020-07-28",30032.1963198823,8.51951768580897,8.15873999424097,66.5650382936271,543.086840144397
"2191","2020-07-29",30048.3682624494,0.0538486842415636,0.306929007326437,0.0942054155383921,-0.0289143746759732
"2192","2020-07-30",30506.3763673079,1.52423619431895,1.16345850275095,1.35363568762348,1.57489895039266
"2193","2020-07-31",30813.1769920296,1.0056934361122,0.644915744544196,0.415916317560995,0.26823098160793
"2194","2020-08-01",31453.120514377,2.07685018170289,1.71607249013489,2.94490479139775,5.0536700985841
"2195","2020-08-02",33227.7325327107,5.64208571140832,5.28130801984032,27.8922144004297,147.307375604095
"2196","2020-08-03",31361.8199444268,-5.61552789209142,5.97630558365942,35.7162284292787,-213.451095389154
"2197","2020-08-04",32072.3680026196,2.26564676237506,1.90486907080706,3.62852617691736,6.91186728702366
"2198","2020-08-05",32127.9525861844,0.173309883324673,0.187467808243328,0.0351441791275572,-0.00658840223355407
"2199","2020-08-06",33332.422527308,3.74897820797191,3.38820051640391,11.4799027393597,38.8962123897651
"2200","2020-08-07",33387.8470514995,0.166278115987791,0.19449957558021,0.0378300849008817,-0.00735793545738479
"2201","2020-08-08",32730.4904462892,-1.96884993571568,2.32962762728368,5.4271648818034,-12.643273246473
"2202","2020-08-09",33341.4455358872,1.8666236932825,1.5058460017145,2.26757218087954,3.41461450217649
"2203","2020-08-10",33248.2607644775,-0.279486296745599,0.6402639883136,0.409937974731238,-0.262468522662622
"2204","2020-08-11",33725.0098777458,1.43390692417108,1.07312923260308,1.15160634986727,1.2358224384939
"2205","2020-08-12",32563.3450126077,-3.44452045929465,3.80529815086265,14.4802940169587,-55.1018360466806
"2206","2020-08-13",33083.4845848827,1.59731616046698,1.23653846889898,1.52902738506704,1.89070118163541
"2207","2020-08-14",34025.2206968564,2.84654450336836,2.48576681180036,6.17903664264811,15.359644215193
"2208","2020-08-15",34212.1863380604,0.549491340173063,0.188713648605062,0.0356128411698348,0.00672062919435209
"2209","2020-08-16",34564.3305327555,1.02929462389648,0.668516932328479,0.446914888809881,0.298770170479105
"2210","2020-08-17",34728.9945530132,0.476398696921547,0.115621005353547,0.0133682168789648,0.00154564667533016
"2211","2020-08-18",35441.1155203014,2.05050844821078,1.68973075664278,2.85519002994456,4.82450240965714
"2212","2020-08-19",34644.4709497333,-2.24779767474238,2.60857536631038,6.80466544172135,-17.7504826472579
"2213","2020-08-20",33829.1121959551,-2.35350326163511,2.71428095320311,7.36732109292117,-19.9969793186474
"2214","2020-08-21",34207.735318207,1.11922275718832,0.758445065620317,0.575238917563807,0.436287118579042
"2215","2020-08-22",33350.706081208,-2.50536678042772,2.86614447199572,8.21478413435162,-23.54475813531
"2216","2020-08-23",33800.4584191121,1.34855417096408,0.987776479396078,0.975702373248111,0.963775855185418
"2217","2020-08-24",33738.2920793618,-0.183921587628967,0.544699279196968,0.296697304757696,-0.1616108080412
"2218","2020-08-25",33997.5063512139,0.768308814335816,0.407531122767815,0.166081616024396,0.0676834274495151
"2219","2020-08-26",33019.8992067953,-2.87552602923095,3.23630372079895,10.4736617732571,-33.8959505671818
"2220","2020-08-27",33268.0602403644,0.751549942702521,0.39077225113452,0.152702952256741,0.0596720764082537
"2221","2020-08-28",32766.7485297178,-1.50688590505303,1.86766359662103,3.4881673101434,-6.51472310407831
"2222","2020-08-29",33283.9011227041,1.57828474350229,1.21750705193429,1.48232342150973,1.80473921893547
"2223","2020-08-30",33345.4532427034,0.184930605857722,0.175847085710279,0.0309221975527981,-0.00543757832341707
"2224","2020-08-31",33882.4737387499,1.61047592347244,1.24969823190444,1.56174567082508,1.95171080351451
"2225","2020-09-01",33833.9206146075,-0.143298640225515,0.504076331793516,0.254092948274407,-0.128082241300763
"2226","2020-09-02",34623.2370885509,2.33291460051076,1.97213690894276,3.88932398761432,7.67027938681064
"2227","2020-09-03",33049.664457623,-4.54484549466994,4.90562318623794,24.0651388453553,-118.05450309981
"2228","2020-09-04",29614.3149015081,-10.3945066084401,10.7552843000081,115.676140374001,-1244.12977645002
"2229","2020-09-05",30357.2067713026,2.50855666344208,2.14777897187407,4.61295451202446,9.90760669913776
"2230","2020-09-06",29353.4745711326,-3.30640499217093,3.66718268373893,13.4482288359147,-49.3171119140249
"2231","2020-09-07",29729.1090993033,1.27969357515214,0.918915883584135,0.844406401103212,0.775938454173858
"2232","2020-09-08",30049.8742857738,1.07895996950012,0.718182277932119,0.515785784335768,0.370428209519267
"2233","2020-09-09",29362.7989248363,-2.28645003437759,2.64722772594559,7.00781463301508,-18.5512811948048
"2234","2020-09-10",29661.0645421364,1.01579423018768,0.655016538619681,0.429046665865308,0.281032661981409
"2235","2020-09-11",30006.4848144983,1.1645579067845,0.803780215216495,0.646062634373475,0.519292363300047
"2236","2020-09-12",30129.1723843339,0.408870184541972,0.0480924929739712,0.00231288788045147,0.000111232544140195
"2237","2020-09-13",30291.1004379146,0.537446072248894,0.176668380680894,0.0312117167324092,0.00551412345338548
"2238","2020-09-14",30037.7165198885,-0.836496245969804,1.1972739375378,1.43346488150728,-1.71625014300438
"2239","2020-09-15",30834.4438713004,2.6524231656703,2.2916454741023,5.25163897897355,12.0348946977839
"2240","2020-09-16",31002.0500829029,0.543568135368591,0.18279044380059,0.0334123463448167,0.00610745761678807
"2241","2020-09-17",31439.5983917955,1.41135282254738,1.05057513097938,1.10370810583233,1.1595282878478
"2242","2020-09-18",31525.1696491646,0.27217668719149,0.0886010043765105,0.00785013797652644,-0.00069553010921443
"2243","2020-09-19",31468.1489361471,-0.180873611949021,0.541651303517021,0.293386134601688,-0.158912982240825
"2244","2020-09-20",31861.6788367289,1.2505657748739,0.889788083305901,0.791722833193189,0.704465542256485
"2245","2020-09-21",31371.947640757,-1.5370539590254,1.8978316505934,3.60176497399409,-6.83554356564471
"2246","2020-09-22",30087.9835685336,-4.0927139332444,4.4534916248124,19.8335876522742,-88.3287164993858
"2247","2020-09-23",30223.0745434014,0.448986468501926,0.0882087769339248,0.00778078832817891,0.000686333822010419
"2248","2020-09-24",29340.618507915,-2.91980895000991,3.28058664157791,10.7622487128994,-35.3064893608769
"2249","2020-09-25",30768.6945494487,4.86723223352794,4.50645454195994,20.3081325387513,91.5176761179804
"2250","2020-09-26",30744.9809533521,-0.0770705304331007,0.437848222001101,0.191711065509526,-0.0839403491712826
"2251","2020-09-27",30923.9198336978,0.582010054314868,0.221232362746867,0.0489437583265616,0.0108279432962969
"2252","2020-09-28",31039.156004909,0.372644127364561,0.0118664357965607,0.000140812298513896,1.67094009968128e-06
"2253","2020-09-29",30845.6315449468,-0.62348492958892,0.984262621156921,0.968772907406692,-0.953526961149922
"2254","2020-09-30",31246.4604410987,1.2994673024212,0.938689610853199,0.881138185523731,0.827115260477165
"2255","2020-10-01",31080.7534941548,-0.530322297644778,0.891099989212778,0.794059190775013,-0.707586136333922
"2256","2020-10-02",30688.9298473971,-1.26066328099603,1.62144097256403,2.6290708275094,-4.26288315949656
"2257","2020-10-03",30495.9442055787,-0.628844481635671,0.989622173203672,0.979352045696358,-0.969188499793492
"2258","2020-10-04",30442.5423968145,-0.175111183323948,0.535888874891949,0.287176886232959,-0.153894898458353
"2259","2020-10-05",30836.6900773969,1.29472655550491,0.93394886393691,0.872260480449046,0.81464668477245
"2260","2020-10-06",31124.1075223985,0.932063215216068,0.571285523648068,0.326367149529847,0.186448827920686
"2261","2020-10-07",30616.7531278451,-1.63010102117236,1.99087871274036,3.9635980488427,-7.89104298130015
"2262","2020-10-08",30799.8957758453,0.598177890501517,0.237400198933516,0.0563588544536731,0.0133796032589671
"2263","2020-10-09",31374.4116072801,1.86531745307191,1.50453976150391,2.26363989394625,3.40573622616862
"2264","2020-10-10",31875.3949794022,1.59678969726353,1.23601200569552,1.52772567822347,1.88828727969355
"2265","2020-10-11",32573.1824578475,2.18911006089872,1.82833236933072,3.34279925274247,6.11174807796358
"2266","2020-10-12",32770.7509946975,0.606537408819874,0.245759717251874,0.0603978386237208,0.0148433557427899
"2267","2020-10-13",33231.8915926584,1.40717128525837,1.04639359369037,1.09493955291624,1.14573773364975
"2268","2020-10-14",32920.87146917,-0.935908576318031,1.29668626788603,1.68139527732421,-2.18024216699472
"2269","2020-10-15",32902.8073257019,-0.054871401217367,0.415649092785368,0.172764168333299,-0.0718092698335544
"2270","2020-10-16",33027.8620686654,0.380073170430714,0.0192954788627132,0.000372315504541412,7.18400594813923e-06
"2271","2020-10-17",32558.8668138699,-1.41999882953506,1.78077652110306,3.17116501811193,-5.64713620879709
"2272","2020-10-18",32544.2724306778,-0.0448246042331005,0.405602295801101,0.164513222359124,-0.0667269406784978
"2273","2020-10-19",32908.2411341572,1.11838021346056,0.757602521892559,0.573961581177966,0.434834741369868
"2274","2020-10-20",33572.6790680591,2.01906243239553,1.65828474082753,2.74990828166142,4.56013094215437
"2275","2020-10-21",33945.6326336422,1.11088413536209,0.750106443794092,0.562659677021419,0.422054649396869
"2276","2020-10-22",36358.5165058833,7.10808338227813,6.74730569071013,45.5261340838893,307.178743580258
"2277","2020-10-23",36935.5219391995,1.58698838337595,1.22621069180795,1.50359266070414,1.84372139667939
"2278","2020-10-24",36822.2665442201,-0.306630010984621,0.667407702552622,0.445433041426569,-0.297285442819533
"2279","2020-10-25",37378.0358828375,1.50932951927327,1.14855182770527,1.31917130092512,1.51513660873388
"2280","2020-10-26",37085.675578113,-0.782171395096619,1.14294908666462,1.30633261470749,-1.49307166886013
"2281","2020-10-27",37230.2184298502,0.389753859095157,0.0289761675271564,0.000839618284561835,2.43289200723274e-05
"2282","2020-10-28",38803.9145615664,4.22693230951997,3.86615461795197,14.9471515299114,57.7879989125948
"2283","2020-10-29",37612.1131183335,-3.07134333403911,3.43212102560711,11.7794547344144,-40.4285142641708
"2284","2020-10-30",38109.0756698583,1.32128325244922,0.960505560881221,0.922570932483748,0.886134510958014
"2285","2020-10-31",38276.3920942793,0.439046136596103,0.0782684450281024,0.00612594948711709,0.000479468540677356
"2286","2020-11-01",38923.0240013594,1.68937528251715,1.32859759094915,1.76517155867589,2.34520268046874
"2287","2020-11-02",38783.383715605,-0.358760115220042,0.719537806788043,0.517734655397347,-0.37252965844277
"2288","2020-11-03",38290.6456497782,-1.27048756096168,1.63126525252969,2.66102632411074,-4.34083977858865
"2289","2020-11-04",39372.2930457298,2.82483457146371,2.46405687989571,6.07157630736139,14.9607093719656
"2290","2020-11-05",39614.6617152937,0.61558179830268,0.254804106734679,0.0649251328088577,0.0165431904699914
"2291","2020-11-06",43520.5958311751,9.85981943744194,9.49904174587394,90.2317940898558,857.115578864642
"2292","2020-11-07",43746.9681868093,0.520149945814951,0.15937225424695,0.0253995154237546,0.00404797802986395
"2293","2020-11-08",41684.7607002186,-4.71394378185162,5.07472147341962,25.7527980327862,-130.688277177619
"2294","2020-11-09",43528.5715735601,4.42322528034047,4.06244758877247,16.5034804115233,67.0445242041464
"2295","2020-11-10",43060.2879783931,-1.07580740244516,1.43658509401316,2.0637767323408,-2.96479089105198
"2296","2020-11-11",42911.6161045663,-0.345264467115028,0.706042158683029,0.498495529837791,-0.351958859980515
"2297","2020-11-12",44039.144059917,2.62755882370675,2.26678113213875,5.13829670102023,11.6473940132034
"2298","2020-11-13",45495.3272180744,3.30656553219156,2.94578784062355,8.67766600196559,25.5625629935826
"2299","2020-11-14",45764.5302413286,0.591715764486788,0.230938072918787,0.0533323935234432,0.0123164801844504
"2300","2020-11-15",45163.9185305998,-1.31239566441873,1.67317335598673,2.79950907918389,-4.68406400113342
"2301","2020-11-16",44876.5582268007,-0.636260787700276,0.997038479268276,0.994085729141597,-0.991141723645634
"2302","2020-11-17",46986.7024881817,4.70210805988415,4.34133036831615,18.847149366864,81.8217019025573
"2303","2020-11-18",49571.0246370047,5.50011388748343,5.13933619591543,26.4127765346465,135.744138479134
"2304","2020-11-19",49954.5611399966,0.773711065688943,0.412933374120942,0.170513971462906,0.0704109095709399
"2305","2020-11-20",50037.407143269,0.165842720628111,0.19493497093989,0.0379996428953358,-0.00740745928352847
"2306","2020-11-21",52325.2151121723,4.57219528252685,4.21141759095885,17.7360381254376,74.6938629553847
"2307","2020-11-22",53382.5834684357,2.0207625596888,1.6599848681208,2.75554976239002,4.5741709089213
"2308","2020-11-23",52627.1816622182,-1.41507165284378,1.77584934441178,3.15364089404774,-5.60039111420485
"2309","2020-11-24",53695.8884661997,2.03071259038889,1.66993489882089,2.78868256629994,4.65691833919766
"2310","2020-11-25",56222.2852530735,4.70500974849147,4.34423205692347,18.8723521644015,81.9858772621422
"2311","2020-11-26",54885.0681972806,-2.37844664224104,2.73922433380904,7.50334995093158,-20.5533587706766
"2312","2020-11-27",49995.097750076,-8.90947320977709,9.27025090134509,85.9375517738894,-796.662666791289
"2313","2020-11-28",50035.9660856452,0.0817446857960039,0.279033005771997,0.0778594183101552,-0.0217253475187419
"2314","2020-11-29",52028.2402307829,3.98168417839196,3.62090648682396,13.1109637863238,47.4735738224139
"2315","2020-11-30",53021.565803427,1.90920463240344,1.54842694083544,2.397625991105,3.71254867867426
"2316","2020-12-01",57349.128393721,8.16189134500116,7.80111365343315,60.8573742337812,474.755293047241
"2317","2020-12-02",54965.7125773571,-4.15597565842841,4.51675334999641,20.4010608247038,-92.1465598234614
"2318","2020-12-03",56084.8618075194,2.0360860938303,1.6753084022623,2.80665824269066,4.7020181362584
"2319","2020-12-04",56657.2441645258,1.02056479869878,0.659787107130777,0.435319026735999,0.28721788132913
"2320","2020-12-05",54234.5900785616,-4.27598292449435,4.63676061606236,21.499549010667,-99.6882621157629
"2321","2020-12-06",55446.1203145987,2.23386999750922,1.87309230594122,3.50847478657619,6.57169712832461
"2322","2020-12-07",56178.7407033946,1.32131948031538,0.960541788747383,0.922640527930023,0.886234783068734
"2323","2020-12-08",55814.3736927509,-0.64858522295371,1.00936291452171,1.01881349321176,-1.02835255686227
"2324","2020-12-09",53166.0155025744,-4.7449393676892,5.1057170592572,26.0683466891899,-133.097602397628
"2325","2020-12-10",53890.9081145466,1.3634510788891,1.00267338732109,1.00535392164196,1.00804162206929
"2326","2020-12-11",53126.4525322384,-1.41852421689263,1.77930190846063,3.16591528145163,-5.63311910231156
"2327","2020-12-12",52308.5059259338,-1.53962210408882,1.90039979565682,3.6115193833325,-6.86333069809573
"2328","2020-12-13",54039.2461429377,3.30871659659815,2.94793890503015,8.69034378779036,25.6186025501143
"2329","2020-12-14",55077.2799905987,1.92088883866981,1.56011114710181,2.43394679131133,3.7972275205775
"2330","2020-12-15",55289.2019551512,0.384772023216605,0.0239943316486041,0.000575727951263204,1.38142074019807e-05
"2331","2020-12-16",55475.833502775,0.337555148246109,0.0232225433218913,0.000539286518337117,-1.25236045349956e-05
"2332","2020-12-17",61203.913014222,10.3253599806851,9.96458228911705,99.2929001965853,989.412274733961
"2333","2020-12-18",65275.8743279166,6.65310617108484,6.29232847951683,39.5933976941386,249.134663911665
"2334","2020-12-19",66209.1787339862,1.42978461135749,1.06900691978949,1.14277579455781,1.22163523215023
"2335","2020-12-20",68287.4612123616,3.13896429183251,2.77818660026451,7.71832078588926,21.4429353839006
"2336","2020-12-21",67190.4717131322,-1.60642888131096,1.96720657287897,3.86990170037821,-7.61289606137949
"2337","2020-12-22",65029.3018464437,-3.21648265235516,3.57726034392316,12.7967915682053,-45.777455006391
"2338","2020-12-23",67143.1329320283,3.25058246907844,2.88980477751044,8.35097165212214,24.1326777771568
"2339","2020-12-24",64561.4790168319,-3.84500067610772,4.20577836767572,17.6885716780091,-74.394212118452
"2340","2020-12-25",66521.2528649943,3.03551572548619,2.67473803391819,7.15422355008852,19.1356738325749
"2341","2020-12-26",68664.783230545,3.22232410429945,2.86154641273145,8.18844787221624,23.4316236345789
"2342","2020-12-27",73315.79683167,6.77350656669085,6.41272887512284,41.1230916258343,263.71123710331
"2343","2020-12-28",73451.7285193568,0.185405729134868,0.175371962433133,0.0307553252076482,-0.00539362173693446
"2344","2020-12-29",74674.5503007466,1.66479646706688,1.30401877549888,1.7004649668536,2.21743824385517
"2345","2020-12-30",75396.1404525485,0.96631335427631,0.605535662708309,0.366673438811591,0.222033843768311
"2346","2020-12-31",79012.3923939278,4.79633562099275,4.43555792942475,19.6741741452827,87.2659391349921
